direction,metric,value
A2B,FID,81.15997347966032
A2B,FID_untranslated_input_baseline,122.70931002905994
A2B,KID_mean,0.016339267374814958
A2B,KID_std,0.0007103514955453928
A2B,gen_precision,0.74
A2B,gen_recall,0.469
A2B,gen_density,0.9146666666666666
A2B,gen_coverage,0.554
A2B,cycle_reconstruction_L1,0.03446689620614052
A2B,identity_L1,0.02532656118273735
A2B,LPIPS_input_vs_translation,0.33780747652053833
A2B,LPIPS_input_vs_reconstruction,0.2325642853975296
A2B,content_cosine_input_vs_translation,0.7923066346928596
A2B,inference_images_per_sec,327.42221563713684
A2B,n_translated,300
A2B,n_reference,1000
B2A,FID,88.57846257870719
B2A,FID_untranslated_input_baseline,122.70930969755352
B2A,KID_mean,0.01426342502966357
B2A,KID_std,0.0009901174262310062
B2A,gen_precision,0.504
B2A,gen_recall,0.6433333333333333
B2A,gen_density,0.4476
B2A,gen_coverage,0.8966666666666666
B2A,cycle_reconstruction_L1,0.04665511101484299
B2A,identity_L1,0.034781794995069504
B2A,LPIPS_input_vs_translation,0.384538859128952
B2A,LPIPS_input_vs_reconstruction,0.17433097958564758
B2A,content_cosine_input_vs_translation,0.7407322734138945
B2A,inference_images_per_sec,332.9897459662052
B2A,n_translated,1000
B2A,n_reference,300
A2B,FID_checkpoint_epoch005,102.98907578240207
B2A,FID_checkpoint_epoch005,107.70552978316817
A2B,FID_checkpoint_epoch010,100.94050700612615
B2A,FID_checkpoint_epoch010,103.2979825509122
A2B,FID_checkpoint_epoch015,95.36426003846645
B2A,FID_checkpoint_epoch015,103.89984410430026
A2B,FID_checkpoint_epoch020,88.02251399123924
B2A,FID_checkpoint_epoch020,94.30068111809479
A2B,FID_checkpoint_epoch025,87.35927987025187
B2A,FID_checkpoint_epoch025,100.76533871362852
A2B,FID_checkpoint_epoch030,89.95145234432937
B2A,FID_checkpoint_epoch030,90.94850850408369
A2B,FID_checkpoint_epoch035,83.32670586406542
B2A,FID_checkpoint_epoch035,98.19956112809268
A2B,FID_checkpoint_epoch040,83.64465960522469
B2A,FID_checkpoint_epoch040,92.12376810815923
A2B,FID_checkpoint_epoch045,82.4308179357684
B2A,FID_checkpoint_epoch045,89.86099994955936
A2B,FID_checkpoint_epoch050,81.15997347966032
B2A,FID_checkpoint_epoch050,88.57846257870719
A2B,cycle_check_mismatched_reconstruction_L1,0.2399703860282898
A2B,cycle_check_translation_L1,0.13641348481178284
B2A,cycle_check_mismatched_reconstruction_L1,0.2685233950614929
B2A,cycle_check_translation_L1,0.15360096096992493
A2B,course_script_FID,98.74896046846882
A2B,course_script_MiFID,0.4149603843688965
B2A,course_script_FID,95.0232690030082
B2A,course_script_MiFID,0.4044598340988159
both,submission_FID,96.88611473573852
both,submission_MiFID,0.4097101092338562
both,human_audit,pending: 2 raters fill in task3_gan/member_anushka/outputs/full_run_20261001_222745/human_audit/ratings_rater*.csv
train,final_epoch_cycle_A,0.05770692229270935
train,final_epoch_cycle_B,0.06807531416416168
train,final_epoch_identity_A,0.03751656785607338
train,final_epoch_identity_B,0.05009223148226738
train,final_epoch_G_adv_A2B,0.5920447111129761
train,final_epoch_G_adv_B2A,0.8236952424049377
train,final_epoch_D_A,0.0531722716987133
train,final_epoch_D_B,0.12140531092882156
train,final_epoch_G_total,3.1116061210632324
train,grad_norm_G_mean,22.30281120300293
train,grad_norm_G_max_epoch_mean,38.84836959838867
train,grad_norm_G_max_single_step,636.27294921875
train,grad_norm_D_mean,8.861811561584473
train,grad_norm_D_max_epoch_mean,22.6141414642334
train,grad_norm_D_max_single_step,231.80218505859375
train,nan_inf_steps,0
train,epochs,50
train,train_time_sec,22507.411572217992
train,train_images_per_sec,26.838334399275045
train,params_G_A2B,11378179
train,params_G_B2A,11378179
train,params_D_A,2764737
train,params_D_B,2764737
train,params_total,28285832
train,peak_gpu_memory_allocated_mb_train,9973.85498046875
train,peak_gpu_memory_reserved_mb_train,10150.0
train,peak_gpu_memory_allocated_mb_eval,11897.55126953125
train,peak_process_ram_mb,5737.69921875
train,hardware_gpu,NVIDIA GeForce RTX 4090
train,hardware_cpu,AMD Ryzen 9 7950X 16-Core Processor
train,checkpoint,task3_gan/member_anushka/checkpoints/cyclegan_20261001_222745_epoch050.pt
train,run_id,20261001_222745
train,kaggle_public_score,pending: fill in after submission
train,kaggle_private_score,pending: fill in after submission
train,kaggle_leaderboard_rank,pending: fill in after submission
