epoch,step,train_loss_running,train_eval_loss,train_eval_acc,val_loss,val_acc,val_ppl,val_bpc,lr_end
1,1563,1.757012599258423,1.0918817909240723,0.6583875,1.1004499828338623,0.6558078125,3.005518151281511,1.587613732980758,0.0002975852819233071
2,3126,1.0662375983047485,0.9217680538177491,0.7086515625,0.9321051166534424,0.7056234375,2.5398502348978593,1.3447434293831502,0.000285455877621817
3,4689,0.9579963582420349,0.863360412979126,0.72556328125,0.8772702615737915,0.7217515625,2.4043275550549423,1.2656334558918727,0.0002639454486639142
4,6252,0.9075898915100098,0.8281305503845214,0.73585625,0.8450365872383118,0.73142734375,2.328062990407486,1.2191300937784464,0.00023460080051442462
5,7815,0.8758872576713562,0.8031162861824036,0.74300703125,0.8226037313461304,0.73764296875,2.2764193121473615,1.1867663238298196,0.00019953209388701233
6,9378,0.852916734046936,0.785537614440918,0.74813828125,0.8067279462814331,0.74264296875,2.2405647313043056,1.1638624074467616,0.0001612611040173931
7,10941,0.8351781918334961,0.7693827833175659,0.75307890625,0.7928451242446899,0.746875,2.2096742892642642,1.1438337289408083,0.00012253988091770192
8,12504,0.8210415399932861,0.7588244081497192,0.75636484375,0.7843607904434204,0.74970625,2.191005981065893,1.1315934226404702,8.615285067319116e-05
9,14067,0.8095752569961547,0.7495976121902466,0.7592,0.7769471103668213,0.75180078125,2.174822626904785,1.1208977431592233,5.471658858978104e-05
10,15630,0.8010889821624756,0.7437267683029175,0.760959375,0.7720683113098145,0.75386640625,2.1642379455854113,1.1138591239541857,3.049166241716557e-05
11,17193,0.7951821046638489,0.7402765913009643,0.76189140625,0.7694512898445129,0.75423125,2.158581493182798,1.1100835600642953,1.5220075918363288e-05
12,18756,0.7918385327911377,0.7382899780273438,0.76250234375,0.7679348930358887,0.75485078125,2.155310707626523,1.1078958619084731,1.0000002146972576e-05
