step,epoch,loss,lr,grad_norm
0,1,4.465909004211426,2.9999999999999997e-05,6.830512523651123
1,1,4.29718017578125,5.9999999999999995e-05,6.552424430847168
2,1,4.033747673034668,8.999999999999999e-05,4.762261867523193
3,1,3.806914806365967,0.00011999999999999999,3.233872890472412
4,1,3.666353702545166,0.00015,2.69447922706604
5,1,3.5570576190948486,0.00017999999999999998,2.323345422744751
6,1,3.477726459503174,0.00020999999999999998,2.1994917392730713
7,1,3.410402297973633,0.00023999999999999998,1.8994035720825195
8,1,3.3799610137939453,0.00026999999999999995,1.6852400302886963
9,1,3.325192451477051,0.0003,1.66609525680542
10,1,3.2649660110473633,0.0003,1.65598464012146
11,1,3.2113280296325684,0.0002985241090727352,1.7035608291625977
12,1,3.1424412727355957,0.0002941264811741021,2.5386173725128174
13,1,3.082796096801758,0.00028689663932640516,2.247220754623413
14,1,3.05277681350708,0.00027698176226052123,1.3885005712509155
15,1,2.985060691833496,0.00026458368828136743,1.5422066450119019
16,1,2.9618167877197266,0.0002499548064220663,1.486759066581726
17,1,2.927159547805786,0.0002333929185310616,1.0025973320007324
18,1,2.861971139907837,0.0002152351768852735,1.3932526111602783
19,1,2.8462605476379395,0.00019585122074200728,1.2254027128219604
20,1,2.822998285293579,0.00017563565154962634,1.230989694595337
21,1,2.7915456295013428,0.00015499999999999997,1.0238406658172607
22,1,2.793156385421753,0.00013436434845037363,0.9793456792831421
23,1,2.7901599407196045,0.00011414877925799267,1.1189932823181152
24,1,2.7329280376434326,9.476482311472647e-05,1.000338077545166
25,1,2.735905170440674,7.660708146893839e-05,0.7914330363273621
26,1,2.7270925045013428,6.004519357793365e-05,0.8083319067955017
27,1,2.7290632724761963,4.541631171863256e-05,0.8404263257980347
28,1,2.7117202281951904,3.3018237739478706e-05,0.9120888113975525
29,1,2.7005977630615234,2.3103360673594824e-05,0.7516509890556335
30,1,2.737372875213623,1.5873518825897895e-05,0.7181774973869324
31,1,2.7006192207336426,1.147589092726476e-05,0.8792349696159363
