section,model,arch,parameter_count,best_epoch,train_time_sec,train_examples_per_sec,peak_accelerator_mem_mb,peak_process_rss_mb,hardware,checkpoint,val_macro_f1,test_accuracy,test_precision_macro,test_recall_macro,test_f1_macro,test_precision_micro,test_recall_micro,test_f1_micro,test_precision_weighted,test_recall_weighted,test_f1_weighted,test_cm_tn,test_cm_fp,test_cm_fn,test_cm_tp,test_roc_auc,test_pr_auc,test_mcc,test_brier,test_ece_15bin,test_accuracy_ci95_low,test_accuracy_ci95_high,test_macro_f1_ci95_low,test_macro_f1_ci95_high,test_mcc_ci95_low,test_mcc_ci95_high,baseline,experiment,b_base_right_exp_wrong,c_base_wrong_exp_right,chi2_cc,p_chi2,p_exact,slice,value,n,macro_f1,error_rate
per_model,B1_baseline_lasttoken,last_token,3840129.0,6.0,50.6966156000035,79531.93625019264,91.5,5106.3,NVIDIA GeForce RTX 5090,task2_sentiment\member_nikhil\checkpoints\sentiment_nikhil_B_20260929-1913_B1_baseline_lasttoken.pt,0.6543023093453889,0.653921052631579,0.6539212406627899,0.653921052631579,0.653920946938461,0.653921052631579,0.653921052631579,0.653921052631579,0.6539212406627898,0.653921052631579,0.6539209469384609,12435.0,6565.0,6586.0,12414.0,0.7206528074792244,0.7091177217883707,0.3078422932943114,0.21124617927634212,0.008733164409273552,0.6488125,0.6587907894736842,0.6488076381471175,0.6587898471337318,0.2976303199147206,0.31761928594245015,,,,,,,,,,,,
per_model,B2_cnn_k7,cnn,3954945.0,4.0,74.43775010000172,54166.06486068292,559.0,5106.3,NVIDIA GeForce RTX 5090,task2_sentiment\member_nikhil\checkpoints\sentiment_nikhil_B_20260929-1913_B2_cnn_k7.pt,0.9392620620734473,0.9424210526315789,0.9426251555509519,0.9424210526315789,0.9424144141780068,0.9424210526315789,0.9424210526315789,0.9424210526315789,0.9426251555509519,0.9424210526315789,0.9424144141780068,17702.0,1298.0,890.0,18110.0,0.98675435734072,0.9871419276252961,0.8850461846481651,0.043017885887805286,0.0030198616228605674,0.94,0.9447631578947369,0.9399981290788832,0.9447527788047346,0.8802949773729956,0.8897047476221899,,,,,,,,,,,,
per_model,B3_bilstm_attn,bilstm_attn,4170497.0,8.0,755.2808401999991,5338.411601878213,607.1,6077.6,NVIDIA GeForce RTX 5090,task2_sentiment\member_nikhil\checkpoints\sentiment_nikhil_B_20260929-1913_B3_bilstm_attn.pt,0.9517281861538656,0.9537631578947369,0.9539381051374782,0.9537631578947369,0.9537587025585376,0.9537631578947369,0.9537631578947369,0.9537631578947369,0.9539381051374783,0.9537631578947369,0.9537587025585375,17935.0,1065.0,692.0,18308.0,0.9910432770083101,0.9911447787613077,0.9077012461728479,0.03535183365869455,0.01630439812729234,0.9518407894736842,0.9556848684210526,0.9518246636304809,0.9556776790257221,0.9037982036788841,0.9115225571233437,,,,,,,,,,,,
mcnemar_vs_baseline,,,,,,,,,,,,,,,,,,,,,,,,,,,,,,,,,,,,,B1_baseline_lasttoken,B2_cnn_k7,1112.0,12075.0,9112.417077424736,0.0,0.0,,,,,
mcnemar_vs_baseline,,,,,,,,,,,,,,,,,,,,,,,,,,,,,,,,,,,,,B1_baseline_lasttoken,B3_bilstm_attn,811.0,12205.0,9972.3762292563,0.0,0.0,,,,,
slice_robustness,B1_baseline_lasttoken,,,,,,,,,,,,,,,,,,,,,,,,,,,,,,,,,,,,,,,,,,,length_bucket,len101-200,10949.0,0.6425390368893587,0.35656224312722623
slice_robustness,B1_baseline_lasttoken,,,,,,,,,,,,,,,,,,,,,,,,,,,,,,,,,,,,,,,,,,,length_bucket,len51-100,10223.0,0.6510222787897431,0.34843001076005087
slice_robustness,B1_baseline_lasttoken,,,,,,,,,,,,,,,,,,,,,,,,,,,,,,,,,,,,,,,,,,,length_bucket,len<=50,9362.0,0.6790792912764364,0.3143559068575091
slice_robustness,B1_baseline_lasttoken,,,,,,,,,,,,,,,,,,,,,,,,,,,,,,,,,,,,,,,,,,,length_bucket,len>200,7466.0,0.6227270767104354,0.3672649343691401
slice_robustness,B1_baseline_lasttoken,,,,,,,,,,,,,,,,,,,,,,,,,,,,,,,,,,,,,,,,,,,has_negation,False,9956.0,0.6274567291890167,0.3244274809160305
slice_robustness,B1_baseline_lasttoken,,,,,,,,,,,,,,,,,,,,,,,,,,,,,,,,,,,,,,,,,,,has_negation,True,28044.0,0.6403105371959844,0.35376551133932393
slice_robustness,B1_baseline_lasttoken,,,,,,,,,,,,,,,,,,,,,,,,,,,,,,,,,,,,,,,,,,,has_contrast,False,16469.0,0.671919486248884,0.3257635557714494
slice_robustness,B1_baseline_lasttoken,,,,,,,,,,,,,,,,,,,,,,,,,,,,,,,,,,,,,,,,,,,has_contrast,True,21531.0,0.6368354471468742,0.36161813199572707
slice_robustness,B2_cnn_k7,,,,,,,,,,,,,,,,,,,,,,,,,,,,,,,,,,,,,,,,,,,length_bucket,len101-200,10949.0,0.9443308704752325,0.05553018540505982
slice_robustness,B2_cnn_k7,,,,,,,,,,,,,,,,,,,,,,,,,,,,,,,,,,,,,,,,,,,length_bucket,len51-100,10223.0,0.9429720029654012,0.05673481365548273
slice_robustness,B2_cnn_k7,,,,,,,,,,,,,,,,,,,,,,,,,,,,,,,,,,,,,,,,,,,length_bucket,len<=50,9362.0,0.941659011212532,0.05586413159581286
slice_robustness,B2_cnn_k7,,,,,,,,,,,,,,,,,,,,,,,,,,,,,,,,,,,,,,,,,,,length_bucket,len>200,7466.0,0.9325863421355172,0.06388963300294669
slice_robustness,B2_cnn_k7,,,,,,,,,,,,,,,,,,,,,,,,,,,,,,,,,,,,,,,,,,,has_negation,False,9956.0,0.9270408780632362,0.053535556448372844
slice_robustness,B2_cnn_k7,,,,,,,,,,,,,,,,,,,,,,,,,,,,,,,,,,,,,,,,,,,has_negation,True,28044.0,0.9392583844396425,0.05901440593353302
slice_robustness,B2_cnn_k7,,,,,,,,,,,,,,,,,,,,,,,,,,,,,,,,,,,,,,,,,,,has_contrast,False,16469.0,0.9498924301250693,0.04924403424615945
slice_robustness,B2_cnn_k7,,,,,,,,,,,,,,,,,,,,,,,,,,,,,,,,,,,,,,,,,,,has_contrast,True,21531.0,0.9356184415216131,0.06395429845339279
slice_robustness,B3_bilstm_attn,,,,,,,,,,,,,,,,,,,,,,,,,,,,,,,,,,,,,,,,,,,length_bucket,len101-200,10949.0,0.9559587228655235,0.043930952598410816
slice_robustness,B3_bilstm_attn,,,,,,,,,,,,,,,,,,,,,,,,,,,,,,,,,,,,,,,,,,,length_bucket,len51-100,10223.0,0.9556771670366586,0.04411620854934951
slice_robustness,B3_bilstm_attn,,,,,,,,,,,,,,,,,,,,,,,,,,,,,,,,,,,,,,,,,,,length_bucket,len<=50,9362.0,0.9492047083549886,0.04870754112369152
slice_robustness,B3_bilstm_attn,,,,,,,,,,,,,,,,,,,,,,,,,,,,,,,,,,,,,,,,,,,length_bucket,len>200,7466.0,0.9479564302472001,0.049424055719260646
slice_robustness,B3_bilstm_attn,,,,,,,,,,,,,,,,,,,,,,,,,,,,,,,,,,,,,,,,,,,has_negation,False,9956.0,0.9397603034604733,0.0443953394937726
slice_robustness,B3_bilstm_attn,,,,,,,,,,,,,,,,,,,,,,,,,,,,,,,,,,,,,,,,,,,has_negation,True,28044.0,0.9517346337842012,0.046890600484952215
slice_robustness,B3_bilstm_attn,,,,,,,,,,,,,,,,,,,,,,,,,,,,,,,,,,,,,,,,,,,has_contrast,False,16469.0,0.959547836462438,0.039771692270326064
slice_robustness,B3_bilstm_attn,,,,,,,,,,,,,,,,,,,,,,,,,,,,,,,,,,,,,,,,,,,has_contrast,True,21531.0,0.9484725094951354,0.05118201662718871
