direction,metric,value
A2B,FID,455.2466928617947
A2B,FID_untranslated_input_baseline,247.71368641788695
A2B,KID_mean,0.4187642391036999
A2B,KID_std,7.447602459741819e-17
A2B,gen_precision,0.0
A2B,gen_recall,0.0
A2B,gen_density,0.0
A2B,gen_coverage,0.0
A2B,cycle_reconstruction_L1,0.1420842707157135
A2B,identity_L1,0.13968661427497864
A2B,LPIPS_input_vs_translation,0.8321830034255981
A2B,LPIPS_input_vs_reconstruction,0.8954064846038818
A2B,content_cosine_input_vs_translation,0.4624917090770774
A2B,inference_images_per_sec,3898.7561262605586
A2B,n_translated,32
A2B,n_reference,32
B2A,FID,387.41580602142943
B2A,FID_untranslated_input_baseline,247.7136856618099
B2A,KID_mean,0.3030650361304857
B2A,KID_std,2.5918417478740247e-16
B2A,gen_precision,0.03125
B2A,gen_recall,0.0
B2A,gen_density,0.00625
B2A,gen_coverage,0.03125
B2A,cycle_reconstruction_L1,0.14774253964424133
B2A,identity_L1,0.14037752151489258
B2A,LPIPS_input_vs_translation,0.8039140701293945
B2A,LPIPS_input_vs_reconstruction,0.786226749420166
B2A,content_cosine_input_vs_translation,0.43846403461820466
B2A,inference_images_per_sec,4217.24005092671
B2A,n_translated,32
B2A,n_reference,32
A2B,cycle_check_mismatched_reconstruction_L1,0.2035873532295227
A2B,cycle_check_translation_L1,0.15729880332946777
B2A,cycle_check_mismatched_reconstruction_L1,0.2560804486274719
B2A,cycle_check_translation_L1,0.17464682459831238
A2B,course_script_FID,376.51298392216324
A2B,course_script_MiFID,0.6022594571113586
B2A,course_script_FID,401.150467312485
B2A,course_script_MiFID,0.6011479496955872
both,submission_FID,388.8317256173241
both,submission_MiFID,0.6017037034034729
both,human_audit,pending: 2 raters fill in task3_gan/member_anushka/outputs/smoke_run_20261001_201829/human_audit/ratings_rater*.csv
train,final_epoch_cycle_A,0.3043580651283264
train,final_epoch_cycle_B,0.30434614419937134
train,final_epoch_identity_A,0.2995861768722534
train,final_epoch_identity_B,0.29239222407341003
train,final_epoch_G_adv_A2B,0.4422471523284912
train,final_epoch_G_adv_B2A,0.4401213228702545
train,final_epoch_D_A,0.32912951707839966
train,final_epoch_D_B,0.3214036226272583
train,final_epoch_G_total,9.929303169250488
train,grad_norm_G_mean,87.48345565795898
train,grad_norm_G_max_epoch_mean,109.61416625976562
train,grad_norm_G_max_single_step,253.00177001953125
train,grad_norm_D_mean,34.78965187072754
train,grad_norm_D_max_epoch_mean,53.55245590209961
train,grad_norm_D_max_single_step,146.13003540039062
train,nan_inf_steps,0
train,epochs,2
train,train_time_sec,8.668301609999958
train,train_images_per_sec,29.554775043454356
train,params_G_A2B,2850563
train,params_G_B2A,2850563
train,params_D_A,2764737
train,params_D_B,2764737
train,params_total,11230600
train,peak_gpu_memory_allocated_mb_train,1271.63037109375
train,peak_gpu_memory_reserved_mb_train,1310.0
train,peak_gpu_memory_allocated_mb_eval,2814.12060546875
train,peak_process_ram_mb,2555.55078125
train,hardware_gpu,NVIDIA GeForce RTX 4090
train,hardware_cpu,AMD Ryzen 9 7950X 16-Core Processor
train,checkpoint,task3_gan/member_anushka/outputs/smoke_run_20261001_201829/checkpoints/cyclegan_20261001_201829_epoch002.pt
train,run_id,20261001_201829
train,kaggle_public_score,pending: fill in after submission
train,kaggle_private_score,pending: fill in after submission
train,kaggle_leaderboard_rank,pending: fill in after submission
