direction,file,cycle_l1,identity_l1,translation_l1,lpips_translation,lpips_reconstruction,content_cosine
A2B,000c1e3bff.jpg,0.146429,0.146146,0.203472,0.670117,0.764204,0.479794
A2B,011835cfbf.jpg,0.195382,0.193533,0.152748,0.916691,1.003820,0.376272
A2B,0260d15306.jpg,0.259717,0.256686,0.300809,0.742528,0.876406,0.525478
A2B,049e293b93.jpg,0.092569,0.090640,0.133685,0.753312,0.765993,0.461883
A2B,05144e306f.jpg,0.097709,0.093873,0.170756,0.867036,0.834843,0.510613
A2B,052a77c020.jpg,0.119388,0.118722,0.138976,0.860714,0.963134,0.361162
A2B,058f878b7c.jpg,0.200498,0.202458,0.159804,0.822333,0.899128,0.480329
A2B,05b493ff42.jpg,0.142040,0.137099,0.129691,0.744378,0.807119,0.437021
A2B,064487d630.jpg,0.125203,0.123670,0.177228,0.766754,0.806259,0.534221
A2B,066fe4cbaa.jpg,0.116061,0.110129,0.138446,0.848113,0.918557,0.494888
A2B,07fcaee35f.jpg,0.206967,0.204550,0.273595,0.718434,0.772537,0.575940
A2B,09b76b6471.jpg,0.217675,0.220573,0.179740,1.220277,1.293656,0.515483
A2B,0a5075d42a.jpg,0.124099,0.123511,0.130248,0.980546,1.058852,0.440844
A2B,0bd913dbc7.jpg,0.122059,0.119811,0.135339,0.843837,0.864181,0.467665
A2B,0e3b3292da.jpg,0.142298,0.136582,0.183505,0.734588,0.800846,0.432641
A2B,106757e5d8.jpg,0.155475,0.146679,0.198085,0.693264,0.817383,0.511622
A2B,1078363ff0.jpg,0.106786,0.104535,0.094516,0.870039,0.909450,0.469904
A2B,10c555c1b1.jpg,0.120857,0.116246,0.153350,0.837512,0.874372,0.387470
A2B,118da0690c.jpg,0.135983,0.132666,0.173858,0.899502,0.985528,0.403178
A2B,11ab570c5e.jpg,0.114484,0.107204,0.170555,0.816845,0.904717,0.435423
A2B,11be65b3e9.jpg,0.120623,0.120600,0.115055,0.889476,0.928750,0.476108
A2B,133b42e498.jpg,0.117600,0.116743,0.147471,0.672429,0.688364,0.373382
A2B,14162de938.jpg,0.167593,0.161827,0.124327,0.977958,1.104725,0.459665
A2B,14ff6e6a99.jpg,0.128068,0.127245,0.136783,0.883157,0.968154,0.418073
A2B,158740962c.jpg,0.080925,0.079880,0.107756,0.723840,0.756552,0.566628
A2B,16dabe418c.jpg,0.236642,0.237018,0.189496,1.098162,1.228033,0.462238
A2B,17557a29cb.jpg,0.112484,0.111182,0.149325,0.893935,0.919247,0.454499
A2B,1814cc6632.jpg,0.097368,0.094788,0.108891,0.772958,0.850734,0.468953
A2B,184d6c66cd.jpg,0.098596,0.096353,0.149198,0.768279,0.764472,0.475134
A2B,1994b8d4a2.jpg,0.190867,0.190579,0.153463,0.872573,0.975167,0.407131
A2B,19dc36ccb2.jpg,0.120582,0.117910,0.180309,0.760101,0.768865,0.490707
A2B,1a127acf4d.jpg,0.133667,0.130536,0.073080,0.710168,0.778960,0.445384
B2A,00068bc07f.jpg,0.099596,0.093591,0.128723,0.773086,0.803622,0.446954
B2A,000910d219.jpg,0.146039,0.133283,0.161880,0.867297,0.821426,0.438342
B2A,005f987f56.jpg,0.352891,0.340953,0.284513,0.704300,0.735834,0.491733
B2A,009ddaed1f.jpg,0.117103,0.112081,0.133625,0.876526,0.792733,0.424339
B2A,00c6a0ad1e.jpg,0.194733,0.182768,0.255973,0.888598,0.949613,0.474484
B2A,00fcff630e.jpg,0.135829,0.129595,0.138330,0.796836,0.786756,0.427226
B2A,01416e7ada.jpg,0.126083,0.118162,0.164298,0.894874,0.889859,0.468204
B2A,01480da48f.jpg,0.106202,0.105966,0.077951,0.655375,0.645259,0.398296
B2A,0159685c51.jpg,0.179633,0.170844,0.161100,0.859755,0.773139,0.481454
B2A,015f79b672.jpg,0.094226,0.093833,0.099265,0.746172,0.743530,0.396208
B2A,016d408833.jpg,0.128547,0.122794,0.185535,0.909565,0.869765,0.445577
B2A,01952c7673.jpg,0.169161,0.162901,0.203395,0.937915,0.976037,0.381967
B2A,01971e48e5.jpg,0.111393,0.108710,0.164597,0.705422,0.658054,0.379692
B2A,019cf7682d.jpg,0.192613,0.184857,0.175930,0.758304,0.769131,0.542105
B2A,01bce47d3f.jpg,0.092918,0.088281,0.135418,0.810826,0.762129,0.440280
B2A,01c4f86e3e.jpg,0.113134,0.106284,0.152836,0.743202,0.658103,0.371205
B2A,01f7a6398e.jpg,0.121484,0.116027,0.129270,0.819279,0.824069,0.355081
B2A,02001e59af.jpg,0.135234,0.125908,0.179524,0.967832,0.886690,0.440926
B2A,0212257854.jpg,0.074945,0.073829,0.111032,0.660260,0.595157,0.397204
B2A,023637f8fb.jpg,0.135614,0.130739,0.188699,0.689180,0.715833,0.421874
B2A,029524fd91.jpg,0.143878,0.137880,0.191380,0.912140,0.843607,0.445639
B2A,029854a790.jpg,0.330096,0.317152,0.269780,0.749387,0.768574,0.459081
B2A,02cd89f56d.jpg,0.196805,0.179874,0.258123,0.814441,0.857022,0.543427
B2A,032389e868.jpg,0.100597,0.085060,0.168038,0.656817,0.563631,0.419893
B2A,03242238ae.jpg,0.110126,0.109770,0.148567,0.787010,0.801351,0.435763
B2A,0341fa51d0.jpg,0.203353,0.190655,0.272581,0.790552,0.773301,0.468972
B2A,034627340c.jpg,0.146620,0.136655,0.203805,0.951589,0.869453,0.530631
B2A,0362dd81bb.jpg,0.112591,0.107566,0.156939,0.775296,0.810568,0.415186
B2A,03a17d96e1.jpg,0.152000,0.144566,0.213815,0.787752,0.776054,0.439774
B2A,03ae080a47.jpg,0.121046,0.113320,0.132901,0.804322,0.777772,0.418369
B2A,03cc206144.jpg,0.135110,0.128608,0.177055,0.802110,0.808954,0.385567
B2A,03e48faafa.jpg,0.148164,0.139570,0.163823,0.829234,0.852231,0.445395
