index,raw_text,cleaned_text,true_label,predicted_label,confidence,word_length,slice,initial_error_type,review_group,reviewed_error_type,observation,testable_fix
19494,J'y suis all\u00e9 parce que c'est tr\u00e8s pr\u00e8s de chez moi.\nC'est la seule raison. Et \u00e7a restera la seule.\n\nPrix un peu \u00e9lev\u00e9 pour le niveau de la bouffe qui est juste basique.\n\nLe fait que ce soit un Apporte ton vin sauve ce restaurant.,j y suis all u00e9 parce que c est tr u00e8s pr u00e8s de chez moi nc est la seule raison et u00e7a restera la seule n nprix un peu u00e9lev u00e9 pour le niveau de la bouffe qui est juste basique n nle fait que ce soit un apporte ton vin sauve ce restaurant,0,1,1.0,55,medium_51_200_words,false_positive,confident_false_positive,,,
18839,"8/20\nThis grocery-slash-eatery reminds me more of Cafe Istanbul in terms of its lighter traffic than that of Haji-Baba's eatery and market.  Some of the items on the shelves had a light blanket of dust...\nOrdered the beef kabob (2 pcs.) platter, with lettuce, onions, hummus, and two pitas.  The kabobs were tasty, even though they were slightly overdone in temperature.  Liked the pitas, disliked the hummus.  I couldn't taste any flavors from the chickpeas, tahini, or spices.  Just that of an oil I couldn't even place its origin.  As I was finishing up the kabobs and pita, I spied two young men enjoying their beef shawarmas, so I ordered one to-go.  Got into my car and couldn't wait to have a bite...  I should've gone with my first choice (of beef shawarma)- this was a very tasty selection.  I'd come back to order it again.\n\nI also enjoyed a Lebanese baked dessert, almost cake-like, with two distinct layers- slightly sweet cheese, reminiscent of dried-out ricotta and cream cheese, on the bottom and golden-orange wheat (semolina?), topped with crushed pistachios.  A side sauce dish of simple syrup accompanied the dessert.  I had asked the woman behind the counter two times what the dish was called, and she didn't sound too confident in telling me that she knew it as \""""shmeer.\""""  (It's the closest thing I could decipher.  Perhaps \""""shmeed\"""" might be a better word... can anyone help me?)  The ff. is the closest image I found to what I think I had.  (If so, then my dessert was missing the ashtar topping, a type of clotted cream, pictured below.)  The dessert I bought doesn't even come close to approaching the wow factor of this link's image... Kanefe/Knefeh.\n\nhttp://grabyourfork.blogspot.com/2007/08/rabeih-sweets-punchbowl.html",8 20 nthis grocery slash eatery reminds me more cafe istanbul terms its lighter traffic than haji baba s eatery market some items shelves had light blanket dust nordered beef kabob 2 pcs platter lettuce onions hummus two pitas kabobs tasty even though slightly overdone temperature liked pitas disliked hummus couldn t taste any flavors chickpeas tahini spices just oil couldn t even place its origin finishing up kabobs pita spied two young men enjoying beef shawarmas so ordered one go got my car couldn t wait have bite should ve gone my first choice beef shawarma very tasty selection d come back order again n ni also enjoyed lebanese baked dessert almost cake like two distinct layers slightly sweet cheese reminiscent dried out ricotta cream cheese bottom golden orange wheat semolina topped crushed pistachios side sauce dish simple syrup accompanied dessert had asked woman behind counter two times what dish called didn t sound too confident telling me knew shmeer s closest thing could decipher perhaps shmeed might better word can anyone help me ff closest image found what think had if so then my dessert missing ashtar topping type clotted cream pictured below dessert bought doesn t even come close approaching wow factor link s image kanefe knefeh n nhttp grabyourfork blogspot com 2007 08 rabeih sweets punchbowl html,0,1,1.0,221,long_over_200_words,false_positive,confident_false_positive,,,
3163,What I love about Rubios' is that they always have beer. Always.\n\nThat is all I love though...,what love about rubios always have beer always n nthat all love though,0,1,1.0,13,very_short_0_20_words,false_positive,confident_false_positive,,,
33173,"I'm fortunate to have been able to see all of the Cirque shows in town, yes, even that dreadful Criss Angel one, so I was looking forward to checking this one out. Seats were on the second level, center, provided a great view. I saw Elvis when it was still there and sat floor level but I thought either seat location provided good views of the stage. I think if you had seen the other productions in town, this one sort of pales in comparison. The set looked great, but most of the acts had been done in other Cirque shows before, and on a much grander scale. The parts that stood out for me were the tennis balls act and the sand artist, which, even that one I had seen similar vids of on youtube years before too. Nothing really stood out as exceptional though. Although I gotta agree with the seats in this theater, really really comfortable.",m fortunate have been able see all cirque shows town yes even dreadful criss angel one so looking forward checking one out seats second level center provided great view saw elvis when still sat floor level thought either seat location provided good views stage think if had seen other productions town one sort pales comparison set looked great most acts had been done other cirque shows before much grander scale parts stood out me tennis balls act sand artist which even one had seen similar vids youtube years before too nothing really stood out exceptional though although gotta agree seats theater really really comfortable,0,1,1.0,104,medium_51_200_words,false_positive,confident_false_positive,,,
18122,"20 years for me and sad to see them go.  Sadder still to see a great traditional Japanese sushi restaurant end, and not carry on the tradition.  We would go here for consistently great fresh fish and great service.  They have also trained many young sushi chefs through the years here in Phoenix.  Great Japanese food isn't about fancy rolls and combinations, but about great fresh ingredients.  END OF AN ERA.  I agree.",20 years me sad see them go sadder still see great traditional japanese sushi restaurant end not carry tradition would go here consistently great fresh fish great service have also trained many young sushi chefs through years here phoenix great japanese food isn t about fancy rolls combinations about great fresh ingredients end era agree,0,1,1.0,55,medium_51_200_words,false_positive,confident_false_positive,,,
33074,"Presidents Day weekend FAIL on the \""""come for lunch, stay for dinner\"""" tactic. If we had gotten there 15-20 minutes earlier (1:30-2pm instead of after 2pm), we probably would have just made it. It's just that we waited over 1.5 hours in that ridiculous line, and it seemed to get worse (but great for King Caesar!) from there on out through the rest of the afternoon and evening. It sounds like these lines (for most buffets) are only this bad during peak times and especially over holidays/holiday weekends, so plan accordingly. It's expensive (dinner is $52 and I think I heard lunch is $42 or around there). You can pay an extra $15 for the express line if you don't want to wait like the rest of the lemmings. I noticed, for a good 5-10 minutes, it seemed like the cashiers were standing around and not ringing people up (probably a \""""counter-tactic\"""" to push it to 3pm and try to get the rest of these people in at the dinner price). Even after paying, we still had to wait 15-20 minutes to get a table. In the end, we probably waited close to 2 hours. Fortunately, we had no plans until at 7:30pm for the Beatles LOVE show...\n\nSo once we finally got into the buffet, I went straight to the seafood line and loaded up on king crab (they had snow crab too I think). There were oysters as well, but they kept on disappearing too fast - apparently the ratio of shuckers to consumers was severely lacking. One of the shucker guys dumped four oysters directly onto my plate after I stood there waiting for a few minutes though. The oysters were super fresh! So much so that my wife, not an oyster-eater, thoroughly enjoyed hers. The king crab legs were OK - some that we got weren't completely defrosted in some parts, so I found myself eating small bits of king crab ice at times. That said, Dungeness is still my favorite.... it's too bad they didn't have any of that cause I would have gone buck wild on it. \n\nMan, I felt like a kid in a candy store... now, the last time we made a quick \""""pit stop\"""" in Vegas, we checked out Wicked Spoon. I was thoroughly impressed with that. But this is like Wicked Spoon x2, as another reviewer alluded to. It's literally almost twice as big. Amazing.\n\nSo I made it over to the meat station and picked up a nice chunk of brisket and a lamb chop. The lamb chop was pretty bomb. The brisket was okay. My wife got some prime rib, which looked good but by the time I stuffed myself with everything else I didn't get a good look or taste of it. She also got the spicy sausage and boy was it spicy. IMHO, the meat station at Wicked Spoon has the slight edge here. \n\nOther interesting stuff I picked up: \n\nFried chicken & sweet potato fries - I didn't enjoy this as much because I was stuffed from the plates of king crab we destroyed. It was good though, and I thought the fries were pretty awesome (I think they were drizzled or coated in honey!)\n\nSushi - I only had one piece but it was pretty fresh. \n\nShiao long bao - yes, they did have these. And surprisingly they weren't bad - soupy and flavorful as expected.\n\nPho and tonkatsu ramen - the broth was slightly lacking but the option to even offer these was pretty impressive.\n\nI was looking forward to \""""chunks of honeycomb\"""" that someone spoke of in another review. Disappointingly, I only saw a display of it (not sure if it was a fake display or real too) behind glass. I did get some \""""honeycomb honey\"""" which was pretty good though.\n\nAs far as dessert, we were pretty impressed but so stuffed full that we could hardly enjoy anything. Creme brulee, flan, mochi, gelato, chocolate covered strawberries...... EXPLODE! We seriously couldn't eat anymore... but then I just had to get a slice of pizza to cap it all off.\n\nIt all became somewhat overwhelming after a while, but I'd say the top things to consider: OYSTERS, crab (of course), lamb chops, spicy sausage, sushi, fried chicken.\n\nOne thing I almost fainted over when I saw it was a large hot table (ala Mongolian BBQ). They were utilizing it to grill in the Mexican section, but I thought to myself \""""wouldn't it be crazy if they had Mongolian BBQ?\"""" That would take things to another level, IMHO.\n\nToo much to write about... too much thinking. Still digesting. Until next time, maybe. But only on a non-holiday, off-peak hour, and for lunch going on dinner.",presidents day weekend fail come lunch stay dinner tactic if had gotten 15 20 minutes earlier 1 30 2pm instead after 2pm probably would have just made s just waited over 1 5 hours ridiculous line seemed get worse great king caesar out through rest afternoon evening sounds like these lines most buffets only bad during peak times especially over holidays holiday weekends so plan accordingly s expensive dinner 52 think heard lunch 42 around can pay extra 15 express line if don t want wait like rest lemmings noticed good 5 10 minutes seemed like cashiers standing around not ringing people up probably counter tactic push 3pm try get rest these people dinner price even after paying still had wait 15 20 minutes get table end probably waited close 2 hours fortunately had no plans until 7 30pm beatles love show n nso once finally got buffet went straight seafood line loaded up king crab had snow crab too think oysters well kept disappearing too fast apparently ratio shuckers consumers severely lacking one shucker guys dumped four oysters directly onto my plate after stood waiting few minutes though oysters super fresh so much so my wife not oyster eater thoroughly enjoyed hers king crab legs ok some got weren t completely defrosted some parts so found myself eating small bits king crab ice times said dungeness still my favorite s too bad didn t have any cause would have gone buck wild n nman felt like kid candy store now last time made quick pit stop vegas checked out wicked spoon thoroughly impressed like wicked spoon x2 another reviewer alluded s literally almost twice big amazing n nso made over meat station picked up nice chunk brisket lamb chop lamb chop pretty bomb brisket okay my wife got some prime rib which looked good time stuffed myself everything else didn t get good look taste also got spicy sausage boy spicy imho meat station wicked spoon has slight edge here n nother interesting stuff picked up n nfried chicken sweet potato fries didn t enjoy much because stuffed plates king crab destroyed good though thought fries pretty awesome think drizzled coated honey n nsushi only had one piece pretty fresh n nshiao long bao yes did have these surprisingly weren t bad soupy flavorful expected n npho tonkatsu ramen broth slightly lacking option even offer these pretty impressive n ni looking forward chunks honeycomb someone spoke another review disappointingly only saw display not sure if fake display real too behind glass did get some honeycomb honey which pretty good though n nas far dessert pretty impressed so stuffed full could hardly enjoy anything creme brulee flan mochi gelato chocolate covered strawberries explode seriously couldn t eat anymore then just had get slice pizza cap all off n nit all became somewhat overwhelming after while d say top things consider oysters crab course lamb chops spicy sausage sushi fried chicken n none thing almost fainted over when saw large hot table ala mongolian bbq utilizing grill mexican section thought myself wouldn t crazy if had mongolian bbq would take things another level imho n ntoo much write about too much thinking still digesting until next time maybe only non holiday off peak hour lunch going dinner,1,0,1.0,546,long_over_200_words,false_negative,confident_false_negative,,,
30958,"Look, we all know Cox sucks. In fact they are a terrible business and their practices are laughable. However they are a necessary evil if you want Internet that isn't garbage that can handle streaming/gaming. The way they handle issues over the phone is worse than Comcast, and for all my east coast brothers/sisters you know what a serious accusation that is. It all started with shitty TV Service. My household went through 4 dvr boxes. 4. That all broke. All of them. 100's of hours of TV. Lost. Every. Single. Time. Their solution? Downgrade from contour. That's their genius solution. So my solution? Upgrade to Dish for TV. PROBLEM SOLVED. However they charged us $200 to disconnect claiming we were on a contract. Nope, disputed that. However to dispute it you have to literally mail a letter to corporate. In the mean time, they cut off my Internet service for pay bills AND THEN DOUBLE CHARGED ME FOR THE INTERNET. WHAT? EXCUSE ME? How does that even make sense? So, an angry phone call and 2 hours on hold, I get the Internet back on because I work from home and to refund the double charged service they have to send a check, via the mail, to a local store. Okay, cool. A week later, let's drive from San tan valley to Gilbert. Once we arrive , turns out the check wasn't mailed. In fact the person helping us via the phone wrote that checks can't be sent to the store, and put a future apology in the notes to us. Thanks Cox cock. So, if you made it this far, why do I give this store 5 stars? The Manager, Mario. That's why. The savior of my people. Stepped in. Saw the crap we went through and listened to my tale. With about 5 minutes of effort , he credited our account for $300. $200 for the bs fee , $50 for the double charge and another $50 just because he was sorry. That's customer service. That's being a great human. He's the man, and my opinion of Cox has changed. ALWAYS GO TO A COX STORE. ALWAYS! They know their stuff and actually care. They are not the call center idiots. They are true experts and will always get the job done. Thank you Mario at the Gilbert Cox Store. Thank you so much",look all know cox sucks fact terrible business practices laughable however necessary evil if want internet isn t garbage can handle streaming gaming way handle issues over phone worse than comcast all my east coast brothers sisters know what serious accusation all started shitty tv service my household went through 4 dvr boxes 4 all broke all them 100 s hours tv lost every single time solution downgrade contour s genius solution so my solution upgrade dish tv problem solved however charged us 200 disconnect claiming contract nope disputed however dispute have literally mail letter corporate mean time cut off my internet service pay bills then double charged me internet what excuse me how does even make sense so angry phone call 2 hours hold get internet back because work home refund double charged service have send check via mail local store okay cool week later let s drive san tan valley gilbert once arrive turns out check wasn t mailed fact person helping us via phone wrote checks can t sent store put future apology notes us thanks cox cock so if made far why do give store 5 stars manager mario s why savior my people stepped saw crap went through listened my tale about 5 minutes effort credited our account 300 200 bs fee 50 double charge another 50 just because sorry s customer service s being great human s man my opinion cox has changed always go cox store always know stuff actually care not call center idiots true experts will always get job done thank mario gilbert cox store thank so much,1,0,1.0,267,long_over_200_words,false_negative,confident_false_negative,,,
29494,"UPDATED. \n\nMy initial very frustrated and dramatic review read as follows:\n\nBililng practices are at best negligent and at worst fraudulent.  \n\nI started going to the studio per a groupon.  I enjoyed the experience so much that I purchased a discounted 20 pack of classes.  When I purchased the classes, my credit card was charged.  However, the purchase didn't show up in my online account so I couldn't schedule classes.  I called The Studio and they told me that they'd credited the classes to another student but they did remedy the situation. \n\nFast forward about 6 months and I am reviewing my credit card statement.  Lo and behold a mysterious charge from the Studio shows up for $130.  I have not even been back there in months and certainly have not authorized any transactions to this business.  I am now disputing the charge via my credit card. \n\nThe yoga is great but all these terrible billing practices make it not worth your time in the long run.\n\nUpdates:\n\nAfter reading this, the studio owner went out of her way to contact me to try and correct the error.  She contacted me several times over a month and offered to resolve the issue in minutes if I called her.  I couldn't manage to find time to call her, but she refused to give up and tracked down my information and resolved the situation in a way that goes above and beyond what can be expected from a business owner.  I can certainly say that although I was frustrated by the two billing mixups, this business went out of its way to accomodate and help me, even when I couldn't go out of my way to try and correct the error.  I am thus updating my review to 4 stars- not quite 5 due to the initial errors- but they certainly get 5 for the way they managed this.  \n\nAlso, as previously mentioned, the yoga is great.",updated n nmy initial very frustrated dramatic review read follows n nbililng practices best negligent worst fraudulent n ni started going studio per groupon enjoyed experience so much purchased discounted 20 pack classes when purchased classes my credit card charged however purchase didn t show up my online account so couldn t schedule classes called studio told me d credited classes another student did remedy situation n nfast forward about 6 months am reviewing my credit card statement lo behold mysterious charge studio shows up 130 have not even been back months certainly have not authorized any transactions business am now disputing charge via my credit card n nthe yoga great all these terrible billing practices make not worth time long run n nupdates n nafter reading studio owner went out her way contact me try correct error contacted me several times over month offered resolve issue minutes if called her couldn t manage find time call her refused give up tracked down my information resolved situation way goes above beyond what can expected business owner can certainly say although frustrated two billing mixups business went out its way accomodate help me even when couldn t go out my way try correct error am thus updating my review 4 stars not quite 5 due initial errors certainly get 5 way managed n nalso previously mentioned yoga great,1,0,1.0,227,long_over_200_words,false_negative,confident_false_negative,,,
29522,"I really, really need a massage. The entire left side of my body is out of whack. Why do I put off getting one when there are so many to choose from? Well AoM is my preferred provider and Erin is my preferred therapist. Her having an opening today was akin to winning the lottery. I hadn't been able to see her since August before I had started a new job that is slowly kicking my butt. Since August the left side of my body has felt seriously out of whack compared to the right side of my body but not anymore.\n\nErin gave me 90 minutes of Ashiatsu & I feel a thousand times better. I just wish that she was in Charlotte more. I guess I'm going to have to find a way to get up to Mt. Pilot when she has openings or hope that I can see Trisha.",really really need massage entire left side my body out whack why do put off getting one when so many choose well aom my preferred provider erin my preferred therapist her having opening today akin winning lottery hadn t been able see her since august before had started new job slowly kicking my butt since august left side my body has felt seriously out whack compared right side my body not anymore n nerin gave me 90 minutes ashiatsu feel thousand times better just wish charlotte more guess m going have find way get up mt pilot when has openings hope can see trisha,1,0,1.0,104,medium_51_200_words,false_negative,confident_false_negative,,,
25301,"I remember watching all those glamorous TV spots about Cosmo, and I told myself repeatedly I have to stay at this hotel the next time I go to vegas and I finally got a chance this Christmas! I was beyond excited when I booked the \""""terrace one bedroom\"""" for 5 days 4 nights.\n\nI realize at this point Cosmo is not exactly a brand new hotel anymore, millions of people had already visited this vegas hot spot. With that being said, the kid in me was still wowed when I arrived at the checkin/concierge area, who can beat those 8 digitalized giant floor-to-ceiling columns? (BTW, look out for \""""monarch,\"""" this visual experience drapes with hypnotizing music in the backgound was just sheer glamorous and sophistication that is cosmopolitan!!)\n\nUpon arrival of our room, BF and I were immediately impressed by the chic d\u00e9cor. Though the entire room was beautiful, we've encountered several \""""malefactions\"""" and quality control issues. So the next day, we went back to the check in area and notified the management (through the help of Aaron from the check-in desk) and they upgraded us to the famous \""""wraparound terrace suite!!!!\"""" The wraparound terrace suite accompanied a breathtaking view on the strip and the management even had a box of chocolate along with an apology card waiting for us when we arrived in the room! \n\nNot to be a complainer, but we again encountered more quality control issues along the rest of our stay, so we gave the management (Spoke to Manager Christine Monson) a list of problems when we checked out. Other than more apologies, she even issued us another $200 credits back to our account! Our stay with Cosmopolitan was truly a treat, the entire hotel staffs went all out to make sure of our satisfactory, the professionalism Cosmopolitan delivered was just unbelievable!\n\nCosmopolitan of Las Vegas offers more than just nice rooms or chic, advanced digitalized d\u00e9cor throughout the entire building, it also houses the most delicious and sophisticated restaurants and bars on the strip, not to mention I had the best spa experience of my life at Sahra Spa & Hammam!! I absolutely adore this upscale hotel and I cannot wait to go back for more. \n\nYou should try it, too!!",remember watching all those glamorous tv spots about cosmo told myself repeatedly have stay hotel next time go vegas finally got chance christmas beyond excited when booked terrace one bedroom 5 days 4 nights n ni realize point cosmo not exactly brand new hotel anymore millions people had already visited vegas hot spot being said kid me still wowed when arrived checkin concierge area who can beat those 8 digitalized giant floor ceiling columns btw look out monarch visual experience drapes hypnotizing music backgound just sheer glamorous sophistication cosmopolitan n nupon arrival our room bf immediately impressed chic d u00e9cor though entire room beautiful ve encountered several malefactions quality control issues so next day went back check area notified management through help aaron check desk upgraded us famous wraparound terrace suite wraparound terrace suite accompanied breathtaking view strip management even had box chocolate along apology card waiting us when arrived room n nnot complainer again encountered more quality control issues along rest our stay so gave management spoke manager christine monson list problems when checked out other than more apologies even issued us another 200 credits back our account our stay cosmopolitan truly treat entire hotel staffs went all out make sure our satisfactory professionalism cosmopolitan delivered just unbelievable n ncosmopolitan las vegas offers more than just nice rooms chic advanced digitalized d u00e9cor throughout entire building also houses most delicious sophisticated restaurants bars strip not mention had best spa experience my life sahra spa hammam absolutely adore upscale hotel cannot wait go back more n nyou should try too,1,0,1.0,260,long_over_200_words,false_negative,confident_false_negative,,,
20850,"I have been trying to will Hanny's into greatness for some time. Unfortunately, Hanny's is like a bad relationship; just because you really want it to be good doesn't mean it ever will be.  Sad sigh. \n\nThe food and service are sub-par, at best. \n\nMy most recent visit was for a friend's birthday party. Upon arriving we learned that the group would not be seated together, because her reservation was given to the owner's daughter who dropped in last minute with about 20 of her closest friends. Really Hanny's? Really?\n\nI ordered the Roast Beef sandwich: Grilled Choice Ribeye, Nueske's Bacon, Arugula and a Fried Egg on Ciabatta Bread. Those are some of my favorite things! The result was a dry and blas\u00e9 sammy. We tried to order the doughnuts, hoping that something would redeem our dining experience, but the server informed us they were out of dough. Awesome.\n\nI love the location, design elements, and drinks. However, Hanny's consistent failure to perform in the food and service categories will keep me from trying to make it work. A clean break is the best break-up strategy at this point.",have been trying will hanny s greatness some time unfortunately hanny s like bad relationship just because really want good doesn t mean ever will sad sigh n nthe food service sub par best n nmy most recent visit friend s birthday party upon arriving learned group would not seated together because her reservation given owner s daughter who dropped last minute about 20 her closest friends really hanny s really n ni ordered roast beef sandwich grilled choice ribeye nueske s bacon arugula fried egg ciabatta bread those some my favorite things result dry blas u00e9 sammy tried order doughnuts hoping something would redeem our dining experience server informed us out dough awesome n ni love location design elements drinks however hanny s consistent failure perform food service categories will keep me trying make work clean break best break up strategy point,0,1,0.5011008381843567,143,medium_51_200_words,false_positive,near_threshold_error,,,
17497,"I've been wanting to visit the Spring Preserve since it's opening but for some reason or another, haven't gotten there yet.\nI saw on Yelp that they were holding an event called \""""Tails n Trails\"""" opening the park to dogs. That week our pup got the last of his shots, so we decided to get him socialized. It was a bit hot that day, so we didn't stay late worrying about burning our dogs foot pads. But we had fun getting introduced to the park and letting our pooch make friends. They had wading pools set up and lots of treats and toys to buy. I thought there would be more foliage, plants, and shaded areas, but we also didn't go on a lot of the trails since the ground was so hot in most places. We didn't get to see the museums since dogs weren't allowed in those.\nWe'd be interested in going again to check everything out when its not as hot.",ve been wanting visit spring preserve since s opening some reason another haven t gotten yet ni saw yelp holding event called tails n trails opening park dogs week our pup got last his shots so decided get him socialized bit hot day so didn t stay late worrying about burning our dogs foot pads had fun getting introduced park letting our pooch make friends had wading pools set up lots treats toys buy thought would more foliage plants shaded areas also didn t go lot trails since ground so hot most places didn t get see museums since dogs weren t allowed those nwe d interested going again check everything out when its not hot,1,0,0.5014086961746216,116,medium_51_200_words,false_negative,near_threshold_error,,,
17754,"One of the worse experiences I've had at Bath and Body Works. First of all, the store reeked of their new fragrance when I walked through the doors. I was in the store for five minutes and my clothes lingered with that scent. In addition, the scent was so strong that I got a headache. Ouch.\n\nYeah, I like Bath and Body Works stores, but there was  way too much body spray or perfume around that entrance door!\n\nI still like the Mango Mandarin and the Pumpkin lotions at Bath and Body Works.",one worse experiences ve had bath body works first all store reeked new fragrance when walked through doors store five minutes my clothes lingered scent addition scent so strong got headache ouch n nyeah like bath body works stores way too much body spray perfume around entrance door n ni still like mango mandarin pumpkin lotions bath body works,0,1,0.5015778541564941,59,medium_51_200_words,false_positive,near_threshold_error,,,
35667,"I've now been to Pizza Rock twice. First things first, why not 5 stars? Basically because I've been here twice and I have never been told that locals receive 20% off their bill. What the heck Pizza Rock? I don't typically go around asking, Hey can I get a local discount? But. When I've been here twice and sung its praises to people - and yet, I've been able to get 20% off but haven't? Arg. That ruffles my feathers.\n\nOn to what is GOOD. Happy hour is awesome. Personal pizzas, apps, well drinks, and cocktails all on the cheap. My friends and I came here during HH and split all three of the personal pizzas and shared the meatballs. Okay. I'm no meatball expert but I think these are delicious. Meaty, not bready, and the sauce it comes with compliments very well. I also like that these meatballs are simple. I've had way too many meatballs that have way too much going on with them. Another reason I like them: you can cut them down the middle with your fork and they fall away in two pieces, not a bunch of lumpy, gross meat pieces. Quality. I think.\n\nOther than HH.... I came here with my hubby on a Saturday night. Luckily they have plenty of 2-top tables so we were seated quickly. Service was quick and to the point. Our server neither impressed me or upset me so I'll give a neutral rating for service.\n\nWhat we ordered... The New Yorker 23. It was the one pizza on the menu I figured my picky (and rather plain-Jane) husband would enjoy. The New Yorker comes with: Sliced Mozzarella, Tomato Sauce, Sliced House Link Sausage, Garlic, Pepperoni, Ricotta. I asked for the link sausages to be removed and replaced with mushrooms. They were happy to oblige. Under the menu it says, \""""Winner, Best Traditional, Las Vegas\"""". I'm not sure what that means.\n\nOverall thoughts on the pizza... I enjoyed it. I love the thin crust style. The mix of cheese and sauce was perfect. Pepperoni... Okay. The Ricotta cheese was an awesome addition, creamy and slightly sweet offsetting the heartiness of the pepperoni and garlic. The flavors were that of a \""""normal\"""" pizza, but with a refinement. I think this was a perfect way to satisfy my more adventurous side and my husband's more traditional side.\n\nFinal decision: Mine and my husband's dinner was a bit pricey. Although delicious, I would rather go back for the happy hour. HH is your best bet here. And ya, go ahead and throw in the fact you're a local. You'll probably get a discount, unlike me. I'd also be interested in just heading up to the take out window to take a slice to go.\n\nOther things I want to go back for:\n\nTheir Margherita (only 73 made per day)\nClam and Garlic Pizza\nLa Regina (The Gold Cup Winner)\nQuail Egg White Rose Potato Guanciale Pizza\nCal Italia (again, this comes as one of the Personal Pizzas on HH menu and is a FoodNetwork winner)\nThe Chorizo Mussels (App)\nAnd I would come back again for the meatballs.\n\nLooks, like I'll be making a few return trips. The great thing is, I am so happy there is a good, inventive pizza place so close to where I live now.",ve now been pizza rock twice first things first why not 5 stars basically because ve been here twice have never been told locals receive 20 off bill what heck pizza rock don t typically go around asking hey can get local discount when ve been here twice sung its praises people yet ve been able get 20 off haven t arg ruffles my feathers n non what good happy hour awesome personal pizzas apps well drinks cocktails all cheap my friends came here during hh split all three personal pizzas shared meatballs okay m no meatball expert think these delicious meaty not bready sauce comes compliments very well also like these meatballs simple ve had way too many meatballs have way too much going them another reason like them can cut them down middle fork fall away two pieces not bunch lumpy gross meat pieces quality think n nother than hh came here my hubby saturday night luckily have plenty 2 top tables so seated quickly service quick point our server neither impressed me upset me so ll give neutral rating service n nwhat ordered new yorker 23 one pizza menu figured my picky rather plain jane husband would enjoy new yorker comes sliced mozzarella tomato sauce sliced house link sausage garlic pepperoni ricotta asked link sausages removed replaced mushrooms happy oblige under menu says winner best traditional las vegas m not sure what means n noverall thoughts pizza enjoyed love thin crust style mix cheese sauce perfect pepperoni okay ricotta cheese awesome addition creamy slightly sweet offsetting heartiness pepperoni garlic flavors normal pizza refinement think perfect way satisfy my more adventurous side my husband s more traditional side n nfinal decision mine my husband s dinner bit pricey although delicious would rather go back happy hour hh best bet here ya go ahead throw fact re local ll probably get discount unlike me d also interested just heading up take out window take slice go n nother things want go back n ntheir margherita only 73 made per day nclam garlic pizza nla regina gold cup winner nquail egg white rose potato guanciale pizza ncal italia again comes one personal pizzas hh menu foodnetwork winner nthe chorizo mussels app nand would come back again meatballs n nlooks like ll making few return trips great thing am so happy good inventive pizza place so close where live now,1,0,0.5017730593681335,399,long_over_200_words,false_negative,near_threshold_error,,,
14786,The girls that work there are so nice and helped me find food for my sick cat and neighbors.,girls work so nice helped me find food my sick cat neighbors,1,0,0.5021048188209534,12,very_short_0_20_words,false_negative,near_threshold_error,,,
36714,I woke up this morning with Fever Blisters/cold sores  aka herpes on my lips.    Always tried over the counter remedies.. Non work so years ago my Dr called in Valtrex.   It stops the spreading.   While on Vacation I had an outbreak due to having a fever all night.   I had  one Valtrex with me.   So I called my Dr's office at home (Texas)   After waiting an hour for the call..... The Dr on call said since I have not been in the office in a year... She couldn't call in a prescription. I asked just for 2 days worth and said I will come see you when I get back home in a few days.   She said call an urgent care in Vegas.   So I started thinking.. Where can I find one out here... Well to no surprise they are all over.   Who wants to wait 2 hours to be seen.. When you know what is wrong and what you need?  I called this place.. DR Logan answers to the phone.   2 options.. Come to me in Hotel or based on what he here's and past medial experience he was able to do a visit over the phone.   $50.. 15-20 mins later based on all kinds of medical questions and routine he was able to call in a prescription for a few days at Walgreens.   Apparently the laws are different out here.   \nHe even offered to call my Dr at home and talk to them  I said no.   He was very careful in his process.   Then he gives me his cell phone number and said call me 24/7 \n\nThank God for this service.   I may have been given all of these options based on how confident I was with my issue and past experience and I am a guest of the city and not a resident.   No guarantees you will get over the phone visit.. I think it had to do with how I know exactly what was wrong with me.   Point is... No need to wait in line and spend a fortune at Urgent care facilities.    $50 and I was done.,woke up morning fever blisters cold sores aka herpes my lips always tried over counter remedies non work so years ago my dr called valtrex stops spreading while vacation had outbreak due having fever all night had one valtrex me so called my dr s office home texas after waiting hour call dr call said since have not been office year couldn t call prescription asked just 2 days worth said will come see when get back home few days said call urgent care vegas so started thinking where can find one out here well no surprise all over who wants wait 2 hours seen when know what wrong what need called place dr logan answers phone 2 options come me hotel based what here s past medial experience able do visit over phone 50 15 20 mins later based all kinds medical questions routine able call prescription few days walgreens apparently laws different out here nhe even offered call my dr home talk them said no very careful his process then gives me his cell phone number said call me 24 7 n nthank god service may have been given all these options based how confident my issue past experience am guest city not resident no guarantees will get over phone visit think had do how know exactly what wrong me point no need wait line spend fortune urgent care facilities 50 done,1,0,1.0,234,long_over_200_words,false_negative,slice_specific_failure,,,
6633,"I MUST talk about the food at this place!!\n\nOkay, it was only recently that I decided to really try their food. and it was soo yummy! One time, I had a gyro and a seesh thoola (is that spelled right?) The second sandwich was a grilled chicken dish wrapped in a pita. it was so good! Their olive oil is quite good. The gyro was good too - a little greasy for my liking, but still yummy. \n\nAnother time I went - i went with a couple of friends and we brought it down! We had a kebab combination. My friend had just a chicken kebab and I had a lamb kebab and the sheeh thoola combo and my other friend had just the lamb. It came with salad and hummus and pita as well as our entrees and rice and this one side dish of feta cheese, tomatos and i think sage? I didn't get to eat it because my friend ate it all! damn her! \n\nThe hummus and pita was DELICOUS! and the rice was amazing. The kebabs were a little dry - I gotta admit but everything was good. I was really surprised. I thought it wasn't going to be that great. I wish we sat at a table becuase eating in their lil booths with just pillows on the floor was not very easy. We all got leg cramps that night. \n\nBut seriously - the service is SHIT! There's this guy who is their waiter - if you're not a FEMALE under 25 and WHITE and BLONDE and a size ZERO and have HUGE tits... he does NOT give a shit about you! and that's REAL! I am SO not lying!! I've have been to this establishment atleast a dozen times and everytime - the story's the same. We go up and order our hookah... this employee takes the order is seems rather pissed to do so. I give him my ID and credit card and sit down with a couple of menus.\n\nSEVERAL minutes later, our hooka comes and then we order our drinks and another quarter hour later our drinks come and then he seems CRAZY annoyed that we actually want food. I never care and just order anyway. There's been a couple of times when my friends wanted to eat somewhere else because of this guy's attitude. We order anyway. He reluctantly takes our order. We sit and wait... and wait... and wait... I search the room for him and there he is... standing over some girl's clevage as she giggles and twirls her hair. and FINALLY (one time 40 minutes later) we get our food. a-hole supreme usually plops our plates down and gives us more coles and is GONE. We never get refils on our drinks unless we beg another employee who seems like he's 15 years old.\n\nWhen we're done - we flag him over from yet another table where he's now hovering over a different cleavage since cleavage number 1 has left. and he clears the tables and leaves us yet again. Until we're done smoking and then finally go to the register to pay. When i think about it... the service really does suck! but the food is so good and so is the hookah. I've come close to telling off the waiter of the year - but the tobacco and food always calm me down. :P",must talk about food place n nokay only recently decided really try food soo yummy one time had gyro seesh thoola spelled right second sandwich grilled chicken dish wrapped pita so good olive oil quite good gyro good too little greasy my liking still yummy n nanother time went went couple friends brought down had kebab combination my friend had just chicken kebab had lamb kebab sheeh thoola combo my other friend had just lamb came salad hummus pita well our entrees rice one side dish feta cheese tomatos think sage didn t get eat because my friend ate all damn her n nthe hummus pita delicous rice amazing kebabs little dry gotta admit everything good really surprised thought wasn t going great wish sat table becuase eating lil booths just pillows floor not very easy all got leg cramps night n nbut seriously service shit s guy who waiter if re not female under 25 white blonde size zero have huge tits does not give shit about s real am so not lying ve have been establishment atleast dozen times everytime story s same go up order our hookah employee takes order seems rather pissed do so give him my id credit card sit down couple menus n nseveral minutes later our hooka comes then order our drinks another quarter hour later our drinks come then seems crazy annoyed actually want food never care just order anyway s been couple times when my friends wanted eat somewhere else because guy s attitude order anyway reluctantly takes our order sit wait wait wait search room him standing over some girl s clevage giggles twirls her hair finally one time 40 minutes later get our food hole supreme usually plops our plates down gives us more coles gone never get refils our drinks unless beg another employee who seems like s 15 years old n nwhen re done flag him over yet another table where s now hovering over different cleavage since cleavage number 1 has left clears tables leaves us yet again until re done smoking then finally go register pay when think about service really does suck food so good so hookah ve come close telling off waiter year tobacco food always calm me down p,0,1,1.0,377,long_over_200_words,false_positive,slice_specific_failure,,,
8426,"Saturday / Sunday AYCE brunch\n\nIn true las vegas fashion, you get a flat rate to eat your heart out. \n\nFor Strip food, main menu items seem reasonably priced and the brunch is cheap at $29.99. There are a few different flavors to choose from for the All-You-Can-Drink Bottomless mimosas. They're $5 per person; but on multiple occasions, the $5 was comped for me and my dining partner. Maybe its a local discount? \n\nAt the beginning, you're served a plate of sliced fruit w/ a mango sauce and a plate of guava empanadas. Those empanadas are probably the best part of the menu! Not too sweet with the perfect crust and just a hint of cream cheese in the filling. After that I was a little under-enthused. The savory dishes start to taste the same after a while and the desserts are much too sweet. Their gimmick item is the Bacon Jalape\u00f1o PBJ. Peanut butter, jelly, egg, bacon, and a couple slices of mild jalapeno on a biscuit. Worth a try. It is AYCE after all. \n\nYou would think a Top Chef Masters restaurant would be more impressive. And given that they've won Best Brunch awards from Seven, LVRJ, & LVW, I expected this place to knock my socks off! While I can't judge the main menu food, I can say the past two times I've done the brunch the food has been less than piping hot. I'm very particular about my food being served in a timely manner; not necessarily because I'm worried about F&B sanitation standards but rather I just enjoy eating scalding hot food. Most of the dishes are served with refried beans and some form of egg (poached, fried, or scrambled). When a restaurant uses so much of these filler ingredients, they have to keep in mind that one of the most common signs of a kitchen-to-table delay is congealed beans and cold yolks.\n \nDespite the food being a little blah, the service is top-notch. Everyone is really friendly and my champagne flute was always filled to the brim. Border Grill is an impressive dining facility. It's huge and able to suit anyone's seating preferences. There's your usual indoor dining, the indoor atrium, and outdoor on the patio. On the patio, you can people-watch the fancy Mandalay pool. But you'll have to deal with insects, the weather, and the sights of all those people who shouldn't be wearing speedos. My area of choice is the atrium. The high-ceilings and natural light make your dining experience that much more pleasurable.",saturday sunday ayce brunch n nin true las vegas fashion get flat rate eat heart out n nfor strip food main menu items seem reasonably priced brunch cheap 29 99 few different flavors choose all can drink bottomless mimosas re 5 per person multiple occasions 5 comped me my dining partner maybe its local discount n nat beginning re served plate sliced fruit w mango sauce plate guava empanadas those empanadas probably best part menu not too sweet perfect crust just hint cream cheese filling after little under enthused savory dishes start taste same after while desserts much too sweet gimmick item bacon jalape u00f1o pbj peanut butter jelly egg bacon couple slices mild jalapeno biscuit worth try ayce after all n nyou would think top chef masters restaurant would more impressive given ve won best brunch awards seven lvrj lvw expected place knock my socks off while can t judge main menu food can say past two times ve done brunch food has been less than piping hot m very particular about my food being served timely manner not necessarily because m worried about f b sanitation standards rather just enjoy eating scalding hot food most dishes served refried beans some form egg poached fried scrambled when restaurant uses so much these filler ingredients have keep mind one most common signs kitchen table delay congealed beans cold yolks n ndespite food being little blah service top notch everyone really friendly my champagne flute always filled brim border grill impressive dining facility s huge able suit anyone s seating preferences s usual indoor dining indoor atrium outdoor patio patio can people watch fancy mandalay pool ll have deal insects weather sights all those people who shouldn t wearing speedos my area choice atrium high ceilings natural light make dining experience much more pleasurable,0,1,1.0,303,long_over_200_words,false_positive,slice_specific_failure,,,
9477,"Before getting started, I'd like to point out that I am currently sitting in the Palms Casino, while watching my degenerate, gambleholic, asshole-of-a-friend Pete grab his ankles, as the craps table continues to sodomize his life savings. The Palms Casino may as well be a priest, and with each roll of the dice, my man Pete is looking more and more like an alter boy. An alter boy with an ugly hat. As I look at this hat, I noticed a consistent theme. This hat of his will soon be joined by his pockets, as they both prevent the world from seeing what lies beneath -- nothing. What was once there, is now missing, and it isn't pretty. Nor was it smart. With just seven strands of hair, Pete has a face incapable of pulling off the 7-Strand comb-over. So money, combined with the freedom offered in Vegas to dive head-first into a hooker, was Pete's only hope to hump. Don't get me wrong, P never planned on returning to Phoenix with any money, which was fine, because that meant he wasn't bringing back his virginity either. Well, unless you count being molested by this casino. \n\nLet me start over. When I began writing this review, I was writing it for the Palms Place resort. I was only using my 6am-and-still-in-the-casino story to explain my exhaustion, and use it as a warning before transitioning into my review of our actual suite. However, as I continued to ramble, I realized that this has enough gems to be a review of its own. So let's jump back in. \n\nWith dick and pockets both dry, P refused to walk away from the action. But unlike his hair, my boredom started to grow, and soon left me balls deep in a conversation with some random Israeli gentleman who started our conversation by asking me if I gamble. It must have been the way I said, \""""Nope, never. Not at all,\"""" that convinced him I was interested in spending the next 30-minutes listening to him break down his formula for an 80% winning-percentage in roulette. \n\nLike all roulette conversations, this one also was followed up by literally dozens of questions on everything from Foreign Policy to soccer. I was pumped. Luckily, I was saved by irony. About midway through my optimistic response to the problem with America's public education system, I was interrupted by quite possibly the drunkest bitch I have ever seen. Clearly lacking intelligence, and a functioning metabolism, I couldn't deny her originality. Instead of some corny and cliche pickup line, this barefoot bitch thought outside of the box, and just spilled her drink on me. Luckily, it was about 7am, so of course she was double-fisting, enabling my shirt to get shit-faced. Before she could say a word, I stood, shook my man's hand, and announced that I had to go because I think my shirt had too much to drink and it needed to sober up. I think I confused her. Which made sense, because I don't even think she knew that she was carrying two drinks, let alone spilling them. I like to think that she stuck around and finished answering my new Israeli friend's question on education, which eventually led to her sitting on his trapper keeper (if you know what I'm saying), but who knows. Love is blind. As for me, I walked about twenty yards back to the table, just in time to see my buddy P go broke. It was perfect.",before getting started d like point out am currently sitting palms casino while watching my degenerate gambleholic asshole friend pete grab his ankles craps table continues sodomize his life savings palms casino may well priest each roll dice my man pete looking more more like alter boy alter boy ugly hat look hat noticed consistent theme hat his will soon joined his pockets both prevent world seeing what lies beneath nothing what once now missing isn t pretty nor smart just seven strands hair pete has face incapable pulling off 7 strand comb over so money combined freedom offered vegas dive head first hooker pete s only hope hump don t get me wrong p never planned returning phoenix any money which fine because meant wasn t bringing back his virginity either well unless count being molested casino n nlet me start over when began writing review writing palms place resort only using my 6am still casino story explain my exhaustion use warning before transitioning my review our actual suite however continued ramble realized has enough gems review its own so let s jump back n nwith dick pockets both dry p refused walk away action unlike his hair my boredom started grow soon left me balls deep conversation some random israeli gentleman who started our conversation asking me if gamble must have been way said nope never not all convinced him interested spending next 30 minutes listening him break down his formula 80 winning percentage roulette n nlike all roulette conversations one also followed up literally dozens questions everything foreign policy soccer pumped luckily saved irony about midway through my optimistic response problem america s public education system interrupted quite possibly drunkest bitch have ever seen clearly lacking intelligence functioning metabolism couldn t deny her originality instead some corny cliche pickup line barefoot bitch thought outside box just spilled her drink me luckily about 7am so course double fisting enabling my shirt get shit faced before could say word stood shook my man s hand announced had go because think my shirt had too much drink needed sober up think confused her which made sense because don t even think knew carrying two drinks let alone spilling them like think stuck around finished answering my new israeli friend s question education which eventually led her sitting his trapper keeper if know what m saying who knows love blind me walked about twenty yards back table just time see my buddy p go broke perfect,1,0,1.0,415,long_over_200_words,false_negative,slice_specific_failure,,,
10881,"Who doesn't enjoy a lazy Sunday morning? I love spending time leisurely reading the Sunday news while getting caught up on a weeks worth of cooking shows. After a few hours hunger finally sets in and its time to find something cheap and easy. While that might sound more like a lifestyle choice than a way of eating, cheap and easy to me means dim sum, and lots of it. With a fistful of cash and my growing appetite I head over to my default dim sum house, Golden Buddha. \n\nLocated in the Chinese Cultural Center, Golden Buddha has been pushing carts every weekend for the past few years. Over those years they've become a destination for steamy delights and have built quite a following with groups usually packing the lobby. Here's some advice, for a lesser selection with no waiting, go early. If you want more selection and don't mind the wait, go after noon. \n\nRanging in price from $2.35-$6.50, Golden Buddha pretty much offers mainstream selections from dumplings and chicken feet to rice and noodles. Most of the cart pushers don't speak much English but know this; most items are either made with pork or shrimp. \n\nWithin minutes of being sat the first smiling server rolls up her cart and begins pimping her wares. As she lifts the steel lid from the first steam basket, the mist dissipates to reveal 3 white fluffy hidden treasures beneath. Know as char siu bao, or steamed BBQ pork buns, these are pretty standard for any dim sum brunch. Pulling apart one of the doughy pillows reveals its sweet porky center, add some chile oil for added depth. Probably the most typical offering is the pork dumplings or sui mai, a wonton wrapper filled with ground pork and black mushrooms. These meaty bites have an enjoyable earthiness that left me wanting to ask for another basket.\n\nThe next cart to come along is absolutely filled with fried items. I love the crispy crunch of egg rolls and while the GB version was crisp, the inside was filled with oil that tasted like last nights fish. After only a single bite the rest remained untouched. Seemingly fried in the same oil, the salt and pepper shrimp were not only super fishy but the shells were also left on. Shell on shrimp isn't usually a problem when the shrimp in question is cooked really well. Not the case with these, they were ruined before they even hit the table, greasy and salty.\n\nOn a lighter note, wrapped in translucent rice paper, the spring rolls were large, filled with chewy rice noodles and 3 plump shrimp, unfortunately these were also flavorless. \n\nA new one for me was the Zhaliang, a long tubular Chinese doughnut that is tightly cocooned in a sheet of rice noodle. The end result is more about texture than bold flavor; I can see how so many people seek these out for breakfast being chewy and crispy at the same time. \n\nDim sum brunch isn't complete without at least one Chinese dessert. Pointing at a plate of pineapple buns or bo lo yau from the dessert cart, these pastries actually contain no pineapple. Instead the name refers to its crunchy checkered top crust. Inside the bun you'll get a sweet surprise of satisfyingly sweet custard filling.\n\nWhile I left satisfied, overall Golden Buddha doesn't quite have the chops they used to, but in a pinch or on a lazy Sunday morning, they'll do just fine.",who doesn t enjoy lazy sunday morning love spending time leisurely reading sunday news while getting caught up weeks worth cooking shows after few hours hunger finally sets its time find something cheap easy while might sound more like lifestyle choice than way eating cheap easy me means dim sum lots fistful cash my growing appetite head over my default dim sum house golden buddha n nlocated chinese cultural center golden buddha has been pushing carts every weekend past few years over those years ve become destination steamy delights have built quite following groups usually packing lobby here s some advice lesser selection no waiting go early if want more selection don t mind wait go after noon n nranging price 2 35 6 50 golden buddha pretty much offers mainstream selections dumplings chicken feet rice noodles most cart pushers don t speak much english know most items either made pork shrimp n nwithin minutes being sat first smiling server rolls up her cart begins pimping her wares lifts steel lid first steam basket mist dissipates reveal 3 white fluffy hidden treasures beneath know char siu bao steamed bbq pork buns these pretty standard any dim sum brunch pulling apart one doughy pillows reveals its sweet porky center add some chile oil added depth probably most typical offering pork dumplings sui mai wonton wrapper filled ground pork black mushrooms these meaty bites have enjoyable earthiness left me wanting ask another basket n nthe next cart come along absolutely filled fried items love crispy crunch egg rolls while gb version crisp inside filled oil tasted like last nights fish after only single bite rest remained untouched seemingly fried same oil salt pepper shrimp not only super fishy shells also left shell shrimp isn t usually problem when shrimp question cooked really well not case these ruined before even hit table greasy salty n non lighter note wrapped translucent rice paper spring rolls large filled chewy rice noodles 3 plump shrimp unfortunately these also flavorless n na new one me zhaliang long tubular chinese doughnut tightly cocooned sheet rice noodle end result more about texture than bold flavor can see how so many people seek these out breakfast being chewy crispy same time n ndim sum brunch isn t complete without least one chinese dessert pointing plate pineapple buns bo lo yau dessert cart these pastries actually contain no pineapple instead name refers its crunchy checkered top crust inside bun ll get sweet surprise satisfyingly sweet custard filling n nwhile left satisfied overall golden buddha doesn t quite have chops used pinch lazy sunday morning ll do just fine,0,1,1.0,437,long_over_200_words,false_positive,slice_specific_failure,,,
