model,slice,count,macro_f1,error_rate
baseline,very_short_0_20_words,4337,0.9237777135071541,0.0712474060410422
baseline,short_21_50_words,10344,0.9423048998520697,0.057037896365042536
baseline,medium_51_200_words,19875,0.9360311609940719,0.06364779874213837
baseline,long_over_200_words,3444,0.899998401575498,0.08914053426248549
cnn,very_short_0_20_words,4337,0.9308525055404091,0.06456075628314503
cnn,short_21_50_words,10344,0.9457760944781761,0.05346094354215004
cnn,medium_51_200_words,19875,0.9467947276929968,0.0529811320754717
cnn,long_over_200_words,3444,0.9037867119168903,0.08623693379790941
bigru,very_short_0_20_words,4337,0.9366822606856441,0.059026977173161174
bigru,short_21_50_words,10344,0.9524467381340083,0.04698375870069606
bigru,medium_51_200_words,19875,0.9511967169964252,0.04855345911949686
bigru,long_over_200_words,3444,0.9071489435384286,0.08246225319396051
