metric,value
run_id,20260929_213922
checkpoint,checkpoints/best_model.pt
checkpoint_epoch,15
epochs_trained,15
training_cross_entropy_loss,0.5836107058906556
validation_cross_entropy_loss,0.6418778648376465
training_perplexity,1.7924989467255477
validation_perplexity,1.9000455600102102
training_bits_per_character,0.8419722711981561
validation_bits_per_character,0.926034012457669
generalization_gap,0.05826715894699097
training_top1_next_character_accuracy,0.812337578125
validation_top1_next_character_accuracy,0.796704296875
distinct_1,0.09119496855345911
distinct_2,0.4479495268138801
distinct_3,0.6993670886075949
repeated_4gram_rate,0.1873015873015873
mean_gradient_norm,0.2287170860697242
max_gradient_norm,2.4070022106170654
nan_count,0
parameter_count,10825063
training_tokens_per_second,583851.8263469088
generation_tokens_per_second_greedy,410.63755491577353
generation_tokens_per_second_sampled_t1.0,547.2508747246438
peak_memory_mb,5110.501953125
total_training_time_seconds,664.6526834964752
device,cuda
gpu_name,NVIDIA GeForce RTX 5090
smoke_test,False
