step,epoch,loss,lr,grad_norm
0,1,4.516517639160156,2.9999999999999997e-05,6.67595911026001
1,1,4.39892578125,5.9999999999999995e-05,6.4873247146606445
2,1,4.17097282409668,8.999999999999999e-05,5.616565227508545
3,1,3.9286112785339355,0.00011999999999999999,4.007223606109619
4,1,3.7559726238250732,0.00015,2.957547664642334
5,1,3.6353654861450195,0.00017999999999999998,2.4322850704193115
6,1,3.5314269065856934,0.00020999999999999998,2.152561664581299
7,1,3.4800949096679688,0.00023999999999999998,1.9670813083648682
8,1,3.4048919677734375,0.00026999999999999995,1.9814655780792236
9,1,3.3452811241149902,0.0003,1.8178222179412842
10,1,3.3002896308898926,0.0003,1.5833351612091064
11,1,3.255789279937744,0.0002985241090727352,1.5691869258880615
12,1,3.2048158645629883,0.0002941264811741021,1.4881795644760132
13,1,3.157097101211548,0.00028689663932640516,1.7320832014083862
14,1,3.0774123668670654,0.00027698176226052123,1.5008978843688965
15,1,3.0324535369873047,0.00026458368828136743,2.1276891231536865
16,1,3.023207187652588,0.0002499548064220663,1.5115673542022705
17,1,2.9539217948913574,0.0002333929185310616,1.250942349433899
18,1,2.9291014671325684,0.0002152351768852735,1.1466174125671387
19,1,2.881272315979004,0.00019585122074200728,1.008610725402832
20,1,2.866781711578369,0.00017563565154962634,0.9682959914207458
21,1,2.83628249168396,0.00015499999999999997,1.03525972366333
22,1,2.798964023590088,0.00013436434845037363,1.0585072040557861
23,1,2.794877290725708,0.00011414877925799267,1.137224555015564
24,1,2.777599811553955,9.476482311472647e-05,0.8278732299804688
25,1,2.7848761081695557,7.660708146893839e-05,0.804353654384613
26,1,2.769444465637207,6.004519357793367e-05,0.8061516284942627
27,1,2.758010149002075,4.541631171863256e-05,0.8707112073898315
28,1,2.7330055236816406,3.3018237739478706e-05,0.7847899198532104
29,1,2.749418258666992,2.3103360673594824e-05,0.7736870646476746
30,1,2.7576286792755127,1.5873518825897895e-05,0.7508684396743774
31,1,2.7572364807128906,1.147589092726476e-05,0.8429918885231018
