epoch,step,train_loss_running,train_eval_loss,train_eval_acc,val_loss,val_acc,val_ppl,val_bpc,lr_end
1,1563,1.887861096763611,1.1777976276397706,0.63337265625,1.1862337902069091,0.63117421875,3.274724653242583,1.7113736064664269,0.0002480016126261852
2,3126,1.1667535725402831,1.0017023493766786,0.68535234375,1.0115670055389405,0.68230625,2.749906759696985,1.4593827024179282,0.0002379634849284003
3,4689,1.0527936647796632,0.9399139024734497,0.70351484375,0.951903981590271,0.69966171875,2.590637492668285,1.3733071536427433,0.00022016175061841177
4,6252,1.0008439667892457,0.9051980592727661,0.7135578125,0.9185812435150147,0.709684375,2.5057328421665885,1.325232604672729,0.0001958765245636618
5,7815,0.9697862858200074,0.8804831044197082,0.72037265625,0.8950168622970581,0.7162453125,2.44737705751333,1.291236388747966,0.0001668541466651137
6,9378,0.947816730594635,0.8640396269798278,0.72561328125,0.880244942855835,0.7209578125,2.4114903114057147,1.269925013825702,0.00013518160332473913
7,10941,0.9319210516166687,0.8504560899734497,0.72901640625,0.8671122717857361,0.724578125,2.38002804632885,1.2509785743992445,0.00010313645317327057
8,12504,0.9195084197616578,0.8411896788597107,0.73183984375,0.8591772146224975,0.72708125,2.361217119324262,1.2395307067806698,7.30230488329858e-05
9,14067,0.910174705505371,0.8333519287109376,0.73399453125,0.852011408996582,0.72926328125,2.3443575746596164,1.2291926345401873,4.7006831936370525e-05
10,15630,0.9030957733535767,0.8284636145591736,0.73577421875,0.8476334782600403,0.7307953125,2.334116573130571,1.2228766155772233,2.695861717282668e-05
11,17193,0.8984891648292541,0.8256768929481506,0.7366609375,0.8453521207809448,0.73151796875,2.3287976882751367,1.219585312455637,1.4320062828990308e-05
12,18756,0.8960629022789002,0.824232742881775,0.7369328125,0.8440268076896668,0.7320140625,2.3257133465226376,1.217673289831225,1.000000177680489e-05
