direction,file,cycle_l1,identity_l1,translation_l1,lpips_translation,lpips_reconstruction,content_cosine
A2B,000c1e3bff.jpg,0.034545,0.019676,0.273802,0.465631,0.229868,0.654833
A2B,011835cfbf.jpg,0.047072,0.037503,0.070656,0.233918,0.243699,0.882849
A2B,0260d15306.jpg,0.025494,0.015423,0.239647,0.471775,0.249299,0.726502
A2B,049e293b93.jpg,0.031519,0.023439,0.179463,0.518250,0.301944,0.740025
A2B,05144e306f.jpg,0.023810,0.030858,0.120909,0.403121,0.232833,0.772575
A2B,052a77c020.jpg,0.042140,0.026581,0.082965,0.235918,0.219155,0.824166
A2B,058f878b7c.jpg,0.027946,0.020925,0.172748,0.394872,0.262366,0.824185
A2B,05b493ff42.jpg,0.031005,0.018327,0.084381,0.345612,0.216480,0.904312
A2B,064487d630.jpg,0.024721,0.015305,0.093714,0.291008,0.183509,0.735068
A2B,066fe4cbaa.jpg,0.040410,0.022060,0.088362,0.244143,0.155515,0.873636
A2B,07fcaee35f.jpg,0.018322,0.012730,0.218600,0.402865,0.161397,0.681056
A2B,09b76b6471.jpg,0.055830,0.046459,0.099658,0.344968,0.355882,0.782171
A2B,0a5075d42a.jpg,0.037770,0.024460,0.080100,0.305084,0.217386,0.776196
A2B,0bd913dbc7.jpg,0.035626,0.024551,0.066841,0.303998,0.211780,0.797813
A2B,0e3b3292da.jpg,0.027268,0.014562,0.218092,0.435307,0.174548,0.739319
A2B,106757e5d8.jpg,0.028149,0.017691,0.118087,0.417800,0.227702,0.713539
A2B,1078363ff0.jpg,0.034715,0.027197,0.097717,0.303486,0.262666,0.759786
A2B,10c555c1b1.jpg,0.036382,0.022879,0.176513,0.201219,0.128302,0.946937
A2B,118da0690c.jpg,0.038398,0.025427,0.141930,0.341797,0.261042,0.751960
A2B,11ab570c5e.jpg,0.030743,0.036232,0.111318,0.318242,0.246158,0.814203
A2B,11be65b3e9.jpg,0.031118,0.018384,0.077222,0.390792,0.240860,0.817538
A2B,133b42e498.jpg,0.029138,0.019012,0.131009,0.299330,0.191577,0.781327
A2B,14162de938.jpg,0.045957,0.032467,0.138069,0.437537,0.411906,0.846298
A2B,14ff6e6a99.jpg,0.035163,0.022387,0.093301,0.266050,0.252168,0.703367
A2B,158740962c.jpg,0.022208,0.017948,0.091821,0.458621,0.224169,0.861498
A2B,16dabe418c.jpg,0.042833,0.030148,0.136572,0.569480,0.316231,0.662615
A2B,17557a29cb.jpg,0.043798,0.033523,0.139096,0.286670,0.274762,0.852629
A2B,1814cc6632.jpg,0.041289,0.028822,0.127418,0.382150,0.353289,0.855554
A2B,184d6c66cd.jpg,0.027856,0.016310,0.180677,0.328204,0.145521,0.767156
A2B,1994b8d4a2.jpg,0.030466,0.020370,0.180738,0.389293,0.216702,0.713791
A2B,19dc36ccb2.jpg,0.030567,0.018753,0.112885,0.342054,0.202634,0.754294
A2B,1a127acf4d.jpg,0.026281,0.018975,0.070376,0.236584,0.181162,0.789163
A2B,1e4e4e63c5.jpg,0.052022,0.040386,0.129858,0.474750,0.446059,0.824600
A2B,1f22663e72.jpg,0.032033,0.022942,0.225348,0.362756,0.158724,0.854024
A2B,1f9667f2a7.jpg,0.030323,0.020889,0.234505,0.440940,0.205579,0.816872
A2B,22b1ac6b44.jpg,0.025648,0.017202,0.083853,0.258542,0.143148,0.904439
A2B,23832dead5.jpg,0.029693,0.019945,0.122862,0.371968,0.226512,0.805277
A2B,23b07c3769.jpg,0.032476,0.027424,0.072537,0.333675,0.374311,0.873741
A2B,23d6aeb485.jpg,0.022455,0.024073,0.150261,0.496181,0.300258,0.681024
A2B,23f0fbd77e.jpg,0.028632,0.020580,0.143586,0.239063,0.131367,0.875368
A2B,24af733334.jpg,0.039055,0.028583,0.048957,0.278198,0.296749,0.850117
A2B,252d9a4abc.jpg,0.030397,0.019202,0.203700,0.366178,0.238479,0.751858
A2B,2581464ddc.jpg,0.032974,0.021092,0.109869,0.244369,0.173159,0.814496
A2B,25c9904782.jpg,0.036014,0.026430,0.148346,0.345107,0.230336,0.727807
A2B,26b66eb819.jpg,0.027109,0.020239,0.263595,0.354290,0.193065,0.851007
A2B,2759c1ed37.jpg,0.034709,0.030048,0.286712,0.484541,0.293999,0.643575
A2B,281b73fb5e.jpg,0.034393,0.023167,0.113520,0.306946,0.242400,0.807460
A2B,28deb43a71.jpg,0.038002,0.024593,0.098890,0.177826,0.138080,0.862573
A2B,295eb5c521.jpg,0.043082,0.040072,0.066285,0.350445,0.333818,0.892934
A2B,29696b4455.jpg,0.028710,0.017106,0.136817,0.407250,0.257343,0.708749
A2B,2acfbab228.jpg,0.039056,0.022908,0.185891,0.310437,0.191385,0.859100
A2B,2c00f5147f.jpg,0.035361,0.033789,0.147246,0.367289,0.233356,0.832157
A2B,2cca56415e.jpg,0.034775,0.026937,0.131299,0.465270,0.314326,0.726111
A2B,2e0d0e6e19.jpg,0.032556,0.017214,0.167937,0.539693,0.220508,0.627599
A2B,2f20944b6a.jpg,0.042105,0.031067,0.093611,0.330269,0.337206,0.801496
A2B,2f90c99e10.jpg,0.038768,0.032510,0.092110,0.329314,0.289255,0.732663
A2B,3283442e33.jpg,0.029837,0.018129,0.118623,0.370514,0.241576,0.727315
A2B,32cc820303.jpg,0.038165,0.036441,0.087775,0.193277,0.190806,0.818412
A2B,32e33792cc.jpg,0.030169,0.020096,0.138335,0.271265,0.140365,0.875639
A2B,3417ace946.jpg,0.034453,0.020878,0.303686,0.519646,0.232737,0.734170
A2B,344d1829bb.jpg,0.047582,0.034055,0.105938,0.343139,0.356854,0.798318
A2B,3545597386.jpg,0.035628,0.048067,0.101461,0.271482,0.208115,0.838846
A2B,369f6d07e8.jpg,0.038630,0.032340,0.067094,0.429559,0.316217,0.687360
A2B,3843e221cc.jpg,0.048736,0.036180,0.135272,0.374856,0.343442,0.695474
A2B,3b262c6726.jpg,0.028361,0.025169,0.077944,0.286443,0.195198,0.862893
A2B,3c341ff93e.jpg,0.041226,0.023088,0.204659,0.427999,0.220297,0.771332
A2B,3d13fe022e.jpg,0.034765,0.022054,0.169148,0.366020,0.223403,0.666952
A2B,3deea9f4a4.jpg,0.030064,0.016114,0.205347,0.449410,0.224250,0.681385
A2B,3eaef3ee43.jpg,0.028932,0.022346,0.192400,0.391606,0.202408,0.698340
A2B,40d7d18ad3.jpg,0.033589,0.036672,0.055130,0.285881,0.294375,0.897799
A2B,417e77e946.jpg,0.022085,0.015125,0.097098,0.321291,0.223502,0.731096
A2B,4260d1c556.jpg,0.039714,0.029788,0.071969,0.261563,0.219049,0.808374
A2B,429e382095.jpg,0.025481,0.015746,0.188763,0.346127,0.193000,0.673969
A2B,463835bbc6.jpg,0.024369,0.016309,0.149538,0.403801,0.242335,0.802779
A2B,4660310c3e.jpg,0.028719,0.022162,0.077423,0.329683,0.272272,0.762216
A2B,47a0548067.jpg,0.061949,0.019989,0.155982,0.331355,0.218038,0.538047
A2B,488600cb75.jpg,0.025645,0.018631,0.143038,0.308957,0.197864,0.787833
A2B,49337b68f4.jpg,0.037673,0.025210,0.169870,0.301845,0.199765,0.795964
A2B,4995c04b1a.jpg,0.028400,0.020251,0.084322,0.194396,0.096941,0.873346
A2B,4ab2583fe2.jpg,0.038728,0.028774,0.098190,0.251682,0.229760,0.857632
A2B,4ad8b366c1.jpg,0.031260,0.020366,0.185004,0.453223,0.282480,0.768862
A2B,4b0adf7c6f.jpg,0.029930,0.019208,0.194146,0.308113,0.177017,0.852874
A2B,4bb4ca7b03.jpg,0.032051,0.026982,0.086134,0.320183,0.193629,0.880802
A2B,4c0e35882c.jpg,0.037805,0.027335,0.093574,0.312470,0.253967,0.733912
A2B,4c74254ad3.jpg,0.034924,0.022436,0.115132,0.295079,0.263056,0.825953
A2B,4e05523825.jpg,0.031871,0.021640,0.244872,0.382980,0.203785,0.806665
A2B,4f045779b0.jpg,0.036052,0.021180,0.181518,0.386597,0.185849,0.819770
A2B,4f3f4ff590.jpg,0.030098,0.029388,0.049458,0.227904,0.184684,0.850793
A2B,4f4de0bbba.jpg,0.028686,0.017338,0.169582,0.238128,0.130599,0.862156
A2B,4f7e01f097.jpg,0.065715,0.057830,0.084415,0.410118,0.507236,0.819130
A2B,50855dd324.jpg,0.030662,0.038974,0.093952,0.212717,0.139654,0.837281
A2B,512cd171a9.jpg,0.038192,0.026918,0.207431,0.477129,0.247677,0.683386
A2B,5185e8c56a.jpg,0.016157,0.012906,0.082197,0.303711,0.128079,0.717919
A2B,51bdd25f76.jpg,0.035736,0.022461,0.093357,0.298887,0.186092,0.866924
A2B,51db3fc011.jpg,0.037429,0.033271,0.046343,0.195445,0.205428,0.906127
A2B,526a110636.jpg,0.035224,0.024873,0.131072,0.370993,0.282560,0.711907
A2B,52aed0f943.jpg,0.035657,0.028599,0.055514,0.267636,0.216413,0.812231
A2B,52d12dc627.jpg,0.032631,0.019448,0.114375,0.241991,0.157210,0.818778
A2B,52fc351abf.jpg,0.035295,0.025695,0.094751,0.266314,0.179606,0.764614
A2B,536aa87152.jpg,0.025293,0.015972,0.136490,0.451055,0.283951,0.688058
A2B,565f19268b.jpg,0.033986,0.033958,0.161184,0.385385,0.264875,0.820991
A2B,586acab7c5.jpg,0.029473,0.018919,0.179016,0.428474,0.353703,0.668291
A2B,5926f85cbf.jpg,0.027664,0.019569,0.233553,0.412923,0.315153,0.773666
A2B,593db29cce.jpg,0.031484,0.019317,0.238050,0.331381,0.156895,0.823924
A2B,599098859e.jpg,0.029388,0.020566,0.096506,0.259344,0.224918,0.799371
A2B,59df696966.jpg,0.038374,0.026345,0.168880,0.418243,0.281359,0.702051
A2B,5aa514ffac.jpg,0.020051,0.015827,0.124954,0.340556,0.153682,0.774148
A2B,5c79cfe0b3.jpg,0.031663,0.023964,0.096930,0.256095,0.271325,0.802844
A2B,5cb895b722.jpg,0.042060,0.030747,0.166656,0.305100,0.274889,0.822316
A2B,5e357ad790.jpg,0.034334,0.026464,0.051853,0.306336,0.317673,0.858968
A2B,5ffbfe68d4.jpg,0.027264,0.017486,0.206067,0.366471,0.208182,0.700308
A2B,6043aadea0.jpg,0.029433,0.019907,0.127685,0.264178,0.161104,0.814080
A2B,608ee0d370.jpg,0.030592,0.020013,0.300945,0.537441,0.194044,0.680847
A2B,61e735361a.jpg,0.030098,0.020640,0.082362,0.344503,0.269650,0.804599
A2B,632ddbc784.jpg,0.025178,0.015928,0.237115,0.600039,0.218782,0.599724
A2B,661e374153.jpg,0.029567,0.019301,0.258173,0.471818,0.197160,0.598594
A2B,66226e18fc.jpg,0.022698,0.016258,0.074707,0.272232,0.169435,0.834223
A2B,66a144f547.jpg,0.030766,0.016832,0.119065,0.428414,0.254257,0.837094
A2B,6742294320.jpg,0.030727,0.028933,0.127896,0.339145,0.208016,0.666911
A2B,676a5a4c2e.jpg,0.039614,0.029140,0.050738,0.271120,0.267449,0.855883
A2B,6782e7cb2a.jpg,0.062399,0.049868,0.083076,0.350163,0.351111,0.772397
A2B,68729aac07.jpg,0.033719,0.024085,0.308888,0.718475,0.370382,0.748452
A2B,68b60c04b7.jpg,0.024640,0.022138,0.096469,0.377285,0.150880,0.730166
A2B,68d60af226.jpg,0.027769,0.022266,0.037772,0.177734,0.172665,0.896409
A2B,695897bd4a.jpg,0.036815,0.022098,0.116714,0.384566,0.294884,0.782543
A2B,69f4b75a37.jpg,0.031279,0.021914,0.189275,0.374920,0.234265,0.867101
A2B,6a03aea8be.jpg,0.018760,0.019921,0.229660,0.500591,0.196997,0.762029
A2B,6bbe0e63c6.jpg,0.037091,0.028147,0.085284,0.211525,0.188610,0.850490
A2B,6bfbd1df5b.jpg,0.035982,0.021877,0.133081,0.313978,0.208524,0.825839
A2B,6c6cc46498.jpg,0.028997,0.019717,0.060785,0.223542,0.168396,0.812919
A2B,6d0e87f557.jpg,0.060425,0.042916,0.137294,0.479170,0.450042,0.801610
A2B,6e0429f92e.jpg,0.029259,0.021360,0.088089,0.254988,0.181634,0.810397
A2B,6ee7c39dbc.jpg,0.034668,0.023246,0.071739,0.253059,0.228080,0.871051
A2B,6f0b9df5c5.jpg,0.025539,0.017572,0.176507,0.274412,0.120121,0.819531
A2B,7017e6caa1.jpg,0.050730,0.033428,0.111972,0.372358,0.358828,0.810163
A2B,7054793632.jpg,0.024745,0.016786,0.088637,0.295539,0.133565,0.719629
A2B,70bc945f95.jpg,0.034587,0.025516,0.102145,0.402624,0.321457,0.784729
A2B,718445ebe3.jpg,0.034086,0.022158,0.155456,0.419126,0.260209,0.824002
A2B,7239ba0b55.jpg,0.038158,0.025032,0.239038,0.401232,0.254698,0.693872
A2B,730f325b64.jpg,0.032403,0.018833,0.188807,0.281663,0.151358,0.812200
A2B,732d76a469.jpg,0.030552,0.021691,0.138914,0.294054,0.175619,0.649314
A2B,7341d96c1d.jpg,0.030693,0.017874,0.154641,0.316707,0.215932,0.798934
A2B,73f33a12c5.jpg,0.030200,0.018193,0.157315,0.364256,0.180526,0.744557
A2B,74e452fb31.jpg,0.025999,0.017050,0.101853,0.276507,0.129858,0.769202
A2B,76cc7181f8.jpg,0.043792,0.030876,0.078970,0.288880,0.207526,0.921381
A2B,77b37629f2.jpg,0.036374,0.031213,0.166479,0.390359,0.233538,0.737691
A2B,79224da51f.jpg,0.030711,0.021846,0.094003,0.241643,0.165577,0.814612
A2B,79292e1434.jpg,0.026515,0.015516,0.209234,0.353471,0.158899,0.821062
A2B,7952021d2f.jpg,0.031692,0.023299,0.070416,0.363890,0.250893,0.783417
A2B,7960adbd50.jpg,0.035370,0.030535,0.329999,0.502275,0.356268,0.678813
A2B,7cb36714d0.jpg,0.029389,0.022131,0.050587,0.226169,0.213362,0.902730
A2B,7d64c3100c.jpg,0.029385,0.022616,0.124647,0.463820,0.346536,0.768270
A2B,8044a92484.jpg,0.039076,0.024292,0.060429,0.198817,0.149082,0.762057
A2B,8077b7e9e7.jpg,0.050355,0.034498,0.117010,0.249731,0.265891,0.846436
A2B,8114fa2607.jpg,0.043108,0.032127,0.073972,0.300826,0.325139,0.810277
A2B,815624563e.jpg,0.041847,0.030663,0.045958,0.129227,0.134288,0.935221
A2B,82991e742a.jpg,0.030582,0.021372,0.155972,0.385570,0.254945,0.880711
A2B,82b9fd68b1.jpg,0.040093,0.030296,0.144479,0.315601,0.316180,0.874232
A2B,8314acfd35.jpg,0.044984,0.033281,0.152596,0.437439,0.379076,0.724484
A2B,853f8d711f.jpg,0.037471,0.030089,0.240090,0.456320,0.330005,0.821559
A2B,85580214be.jpg,0.050802,0.032382,0.197342,0.335990,0.249685,0.787290
A2B,88402296cc.jpg,0.036948,0.021879,0.089018,0.265221,0.172655,0.840452
A2B,893db2701d.jpg,0.039703,0.029837,0.057753,0.264813,0.248141,0.898119
A2B,89964efa86.jpg,0.024893,0.017267,0.107725,0.267402,0.137797,0.828595
A2B,89d970411d.jpg,0.038731,0.025492,0.162396,0.563659,0.255823,0.725539
A2B,89fcbf2f76.jpg,0.037080,0.037226,0.125012,0.419088,0.274272,0.732921
A2B,8b54448a07.jpg,0.025378,0.019189,0.097006,0.255349,0.169025,0.857851
A2B,8b7948248f.jpg,0.033125,0.028567,0.088586,0.251591,0.181260,0.795612
A2B,8b841420b4.jpg,0.024968,0.018661,0.060964,0.182105,0.130037,0.898769
A2B,8c48e112d0.jpg,0.032086,0.022415,0.074368,0.283020,0.220453,0.783003
A2B,8c8011c291.jpg,0.047271,0.038731,0.140668,0.320529,0.279497,0.757395
A2B,8cfd45a2e2.jpg,0.055235,0.044187,0.091856,0.399703,0.489380,0.800714
A2B,8e5ff15568.jpg,0.040299,0.027411,0.082463,0.219535,0.169487,0.767939
A2B,8ee2933868.jpg,0.033710,0.023964,0.072229,0.171725,0.089094,0.823359
A2B,8f02369f42.jpg,0.026705,0.017296,0.077054,0.210032,0.128477,0.846314
A2B,910610e827.jpg,0.017748,0.014146,0.077501,0.342992,0.156704,0.688783
A2B,910729e0ce.jpg,0.034912,0.024578,0.161461,0.397749,0.290478,0.843108
A2B,92c0ba8c0d.jpg,0.030789,0.021211,0.098452,0.234261,0.172927,0.877143
A2B,93132f89ee.jpg,0.046325,0.033891,0.095670,0.296894,0.246600,0.760849
A2B,932d0dd808.jpg,0.043299,0.030590,0.081399,0.329013,0.322229,0.791494
A2B,95a53d7b0b.jpg,0.042145,0.028957,0.090984,0.277084,0.194624,0.908874
A2B,95b5f01a85.jpg,0.032158,0.020716,0.116968,0.230150,0.138755,0.844302
A2B,9843bc25c5.jpg,0.029180,0.020609,0.070366,0.170278,0.102368,0.862598
A2B,9908d1daa9.jpg,0.045831,0.032418,0.086902,0.266312,0.224205,0.802343
A2B,990ed28f62.jpg,0.029913,0.021626,0.135577,0.233224,0.167409,0.877489
A2B,9963d64ebf.jpg,0.027477,0.021156,0.133453,0.448098,0.226123,0.544691
A2B,99a51d3e25.jpg,0.031381,0.021378,0.132540,0.343386,0.261830,0.836575
A2B,99d94af5dd.jpg,0.028490,0.025584,0.054788,0.158796,0.122930,0.934143
A2B,9ae6552353.jpg,0.024710,0.021931,0.061577,0.351946,0.214768,0.857609
A2B,9d58456cc3.jpg,0.041172,0.029296,0.100661,0.385482,0.353340,0.794794
A2B,9d9a4fccfb.jpg,0.027246,0.018529,0.436873,0.843392,0.261555,0.539220
A2B,9db9843ed1.jpg,0.033606,0.022543,0.090321,0.350921,0.236669,0.798366
A2B,9f409e3376.jpg,0.029942,0.021425,0.129863,0.275869,0.139899,0.721387
A2B,9fc868e864.jpg,0.029535,0.023016,0.150224,0.307386,0.149475,0.734374
A2B,a030bc32e6.jpg,0.032756,0.021132,0.099878,0.339073,0.218242,0.750191
A2B,a06b54dfe9.jpg,0.023730,0.018919,0.218540,0.462445,0.201618,0.631487
A2B,a202b1b200.jpg,0.033270,0.025477,0.072700,0.196990,0.173356,0.872763
A2B,a210ceedc7.jpg,0.045633,0.030492,0.136735,0.240842,0.230959,0.886068
A2B,a4e4a61fb2.jpg,0.036861,0.023869,0.106944,0.377847,0.258287,0.743927
A2B,a59f3f5b89.jpg,0.038603,0.045721,0.046080,0.226040,0.168582,0.892272
A2B,a619072f82.jpg,0.063913,0.053772,0.182791,0.399222,0.448173,0.710919
A2B,a6291c2a1c.jpg,0.032325,0.022381,0.090320,0.251618,0.178898,0.824412
A2B,a642e9cb6f.jpg,0.049962,0.035507,0.144781,0.342797,0.266906,0.764813
A2B,a7977705be.jpg,0.039691,0.026483,0.084645,0.312223,0.244188,0.849715
A2B,a7d53885e8.jpg,0.055074,0.043663,0.078957,0.437967,0.376816,0.787732
A2B,a885da7b52.jpg,0.042632,0.034212,0.144580,0.272383,0.209668,0.816763
A2B,a8fbbe3eb1.jpg,0.024705,0.017780,0.113725,0.233532,0.130132,0.841907
A2B,a96b79a93f.jpg,0.038178,0.026375,0.088796,0.306415,0.284024,0.720800
A2B,aa76c7625a.jpg,0.039342,0.028980,0.195549,0.307851,0.223196,0.792659
A2B,ad0101d010.jpg,0.058082,0.045136,0.063832,0.324051,0.380776,0.772770
A2B,ad8ce41fc0.jpg,0.030390,0.020291,0.081340,0.269990,0.202288,0.792071
A2B,b1310da865.jpg,0.044689,0.032824,0.208527,0.353917,0.308005,0.842082
A2B,b13c0973ee.jpg,0.030092,0.020018,0.350220,0.396962,0.158992,0.735132
A2B,b1ea5d5a7d.jpg,0.025707,0.017361,0.074093,0.393267,0.221096,0.714630
A2B,b256e61a5d.jpg,0.030176,0.024755,0.053440,0.178759,0.192561,0.829669
A2B,b2ce76c750.jpg,0.037198,0.031937,0.174304,0.420975,0.318325,0.718602
A2B,b3adc75e7d.jpg,0.025016,0.019906,0.051109,0.292064,0.154084,0.865969
A2B,b44f24c048.jpg,0.038704,0.031273,0.056585,0.265359,0.240889,0.855592
A2B,b5c2fe7c4c.jpg,0.035965,0.025676,0.251387,0.638281,0.309740,0.730267
A2B,b76d52e05a.jpg,0.045946,0.029769,0.167734,0.326276,0.311314,0.796425
A2B,b99546090b.jpg,0.032586,0.019884,0.124442,0.456299,0.284964,0.706302
A2B,ba52f976af.jpg,0.027415,0.016006,0.074959,0.287941,0.212746,0.764049
A2B,baf6efabfe.jpg,0.034038,0.030464,0.044110,0.158986,0.167363,0.834452
A2B,bbc5ac4564.jpg,0.046774,0.032994,0.215354,0.308982,0.216592,0.828944
A2B,bc4b364a44.jpg,0.033166,0.024844,0.086633,0.290496,0.253536,0.873255
A2B,bf6db09354.jpg,0.026409,0.017165,0.094782,0.239802,0.184458,0.871050
A2B,c14505c1da.jpg,0.022058,0.017860,0.085745,0.215911,0.110578,0.897447
A2B,c1dc1a85a4.jpg,0.030547,0.017867,0.090412,0.266830,0.169521,0.879326
A2B,c2576267d4.jpg,0.040886,0.033996,0.140989,0.346980,0.252794,0.850173
A2B,c4622e3fb6.jpg,0.022131,0.014119,0.076733,0.366697,0.227611,0.773721
A2B,c67ba2060c.jpg,0.037058,0.034562,0.149127,0.300366,0.337631,0.800800
A2B,c68c52e8fc.jpg,0.028550,0.017399,0.113551,0.258805,0.146190,0.832442
A2B,c6c360756c.jpg,0.028115,0.020053,0.147003,0.362449,0.158879,0.836552
A2B,c6c88ce9c4.jpg,0.041245,0.036650,0.087167,0.313886,0.278250,0.762716
A2B,c78b4fa3a9.jpg,0.052667,0.066062,0.075337,0.147823,0.125442,0.867535
A2B,c7d8142152.jpg,0.029888,0.017737,0.082200,0.275231,0.193486,0.855900
A2B,cb50326950.jpg,0.045689,0.028661,0.175663,0.285717,0.159403,0.861515
A2B,cb9c553ded.jpg,0.025063,0.014345,0.234213,0.464997,0.213617,0.811026
A2B,cc2bb659f4.jpg,0.041762,0.034074,0.102163,0.206581,0.196247,0.923901
A2B,cd6623d07d.jpg,0.033218,0.022639,0.189107,0.269313,0.152635,0.787922
A2B,cdddf326e3.jpg,0.029792,0.026247,0.099088,0.416495,0.280023,0.695101
A2B,ce3e0daddd.jpg,0.030275,0.018734,0.185187,0.537352,0.301249,0.650903
A2B,ceb6cf5f31.jpg,0.043353,0.039982,0.058848,0.216474,0.204127,0.903720
A2B,cf6488d84c.jpg,0.043420,0.032153,0.120812,0.331979,0.263265,0.680601
A2B,cfc6fce7b5.jpg,0.024985,0.020155,0.232963,0.331225,0.198268,0.741472
A2B,d05cab011d.jpg,0.025681,0.015395,0.071948,0.245908,0.117764,0.904955
A2B,d087730b76.jpg,0.035449,0.031533,0.090631,0.217758,0.121100,0.832569
A2B,d14c1abdd4.jpg,0.035887,0.028731,0.211683,0.352337,0.281537,0.879860
A2B,d1d9748a64.jpg,0.045276,0.032994,0.116770,0.315040,0.293614,0.783837
A2B,d239dae42d.jpg,0.057175,0.043992,0.221793,0.403587,0.376707,0.826044
A2B,d4116437bb.jpg,0.040494,0.026640,0.219991,0.410890,0.268397,0.795178
A2B,d50049fbfc.jpg,0.039387,0.028015,0.085314,0.243851,0.166978,0.728154
A2B,d5b0c260a0.jpg,0.025476,0.021282,0.131173,0.333698,0.247574,0.830968
A2B,d6d6e625bd.jpg,0.027064,0.017943,0.091550,0.328145,0.182610,0.808481
A2B,d729785cb8.jpg,0.028263,0.021374,0.090413,0.314257,0.219686,0.742918
A2B,d754850d01.jpg,0.032681,0.024132,0.076362,0.272454,0.238495,0.873569
A2B,d7948c7635.jpg,0.038718,0.025742,0.146693,0.358906,0.277818,0.741431
A2B,d88482796d.jpg,0.028427,0.018453,0.083002,0.299728,0.220767,0.864848
A2B,d9e8704878.jpg,0.038964,0.026162,0.107598,0.259688,0.191531,0.855572
A2B,da72006ef5.jpg,0.039074,0.028874,0.156930,0.312236,0.315549,0.826126
A2B,dc33f0edbe.jpg,0.042593,0.026749,0.208668,0.532750,0.366440,0.740576
A2B,dcab49d080.jpg,0.026620,0.017401,0.166526,0.426302,0.239949,0.651941
A2B,dcf5ea1040.jpg,0.026599,0.017485,0.196613,0.413085,0.196559,0.759933
A2B,dd46691bd7.jpg,0.033194,0.020830,0.152371,0.353195,0.273611,0.802403
A2B,de6f71b00f.jpg,0.024356,0.018906,0.077640,0.207203,0.153911,0.852533
A2B,df64ac2dcb.jpg,0.028922,0.019466,0.097546,0.254897,0.151177,0.836098
A2B,e2253b87a0.jpg,0.032106,0.024175,0.074975,0.313513,0.277890,0.747656
A2B,e291f8144f.jpg,0.036745,0.030099,0.095127,0.309708,0.255334,0.733696
A2B,e3112413b1.jpg,0.044206,0.030400,0.110922,0.407340,0.369159,0.901236
A2B,e37407c747.jpg,0.036438,0.029377,0.284524,0.515796,0.336862,0.761883
A2B,e510a74d3c.jpg,0.027162,0.018200,0.381833,0.506268,0.180282,0.739153
A2B,e568f84fad.jpg,0.034287,0.029586,0.272641,0.523013,0.263030,0.798720
A2B,e753318d04.jpg,0.039695,0.029990,0.149254,0.371299,0.307860,0.792636
A2B,e88d9de918.jpg,0.025909,0.017010,0.112249,0.297057,0.155747,0.856554
A2B,e9580cd500.jpg,0.034263,0.023224,0.119810,0.270425,0.169904,0.803985
A2B,e9f5563817.jpg,0.048803,0.036801,0.087411,0.228150,0.195756,0.882554
A2B,e9f686534b.jpg,0.026663,0.020077,0.087417,0.274808,0.159934,0.819524
A2B,eb3cc5c559.jpg,0.035160,0.023612,0.115380,0.330460,0.259865,0.790660
A2B,ec3398cef9.jpg,0.035803,0.027877,0.117648,0.240972,0.175441,0.852171
A2B,ec78d80dbd.jpg,0.040067,0.024911,0.134313,0.329771,0.205590,0.818222
A2B,ed597655a0.jpg,0.042600,0.049158,0.217700,0.401235,0.337232,0.774151
A2B,ede9769cb3.jpg,0.022722,0.016014,0.155506,0.521536,0.278201,0.753950
A2B,ee7adac58f.jpg,0.028996,0.019941,0.160783,0.366611,0.191183,0.856623
A2B,f04c9d8e34.jpg,0.033166,0.026396,0.097632,0.329403,0.212981,0.750577
A2B,f0884db067.jpg,0.034446,0.028946,0.036470,0.209415,0.244695,0.890753
A2B,f0d789c4bc.jpg,0.036966,0.026331,0.069964,0.254081,0.230409,0.791476
A2B,f4413e97bd.jpg,0.042017,0.029873,0.113116,0.389236,0.316950,0.724877
A2B,f486c1655f.jpg,0.051013,0.061892,0.054107,0.271264,0.293796,0.911260
A2B,f7836c88eb.jpg,0.036484,0.023123,0.116718,0.375654,0.253302,0.752264
A2B,f821791c85.jpg,0.029166,0.020439,0.173935,0.391926,0.197625,0.793437
A2B,f84fb4516a.jpg,0.037231,0.023485,0.256829,0.534756,0.276492,0.660551
A2B,f96a8de9f3.jpg,0.026375,0.021790,0.299777,0.514531,0.269518,0.704392
A2B,fb3b06dcb2.jpg,0.025840,0.016891,0.203219,0.409074,0.222692,0.798037
A2B,fb806a2a1c.jpg,0.037520,0.024729,0.097999,0.369422,0.296988,0.827556
A2B,fb93438ff9.jpg,0.019123,0.013676,0.126523,0.343783,0.153064,0.811033
A2B,fba982625d.jpg,0.044352,0.034282,0.105796,0.335503,0.310486,0.783988
A2B,fc11d52502.jpg,0.039326,0.030284,0.119566,0.260408,0.230261,0.806676
A2B,fd63a333f1.jpg,0.032236,0.024832,0.065956,0.237856,0.192316,0.743712
A2B,fdf1530d95.jpg,0.019706,0.012183,0.129035,0.472073,0.225198,0.748179
A2B,ffd74c77ea.jpg,0.023551,0.017134,0.107003,0.286968,0.181642,0.655014
B2A,00104fd531.jpg,0.027963,0.035622,0.142369,0.467282,0.140868,0.695003
B2A,01416e7ada.jpg,0.054745,0.039113,0.084870,0.338603,0.297513,0.843980
B2A,01622039ef.jpg,0.069648,0.027920,0.150864,0.462565,0.146423,0.643196
B2A,01771d99c3.jpg,0.037802,0.022871,0.225416,0.488246,0.093451,0.663275
B2A,02001e59af.jpg,0.052687,0.032428,0.109007,0.255216,0.184498,0.871161
B2A,022ca16b0f.jpg,0.039836,0.047092,0.115388,0.268700,0.160079,0.651367
B2A,023f3cbb75.jpg,0.037485,0.025334,0.109507,0.273450,0.120027,0.780207
B2A,024d98032b.jpg,0.031433,0.026185,0.190711,0.383700,0.099081,0.829433
B2A,02ded12bbd.jpg,0.089041,0.092279,0.347082,0.657903,0.280194,0.330065
B2A,0312af1e14.jpg,0.026619,0.013703,0.173865,0.501985,0.121051,0.601759
B2A,0341fa51d0.jpg,0.049685,0.024549,0.216151,0.535444,0.140935,0.619049
B2A,034627340c.jpg,0.034343,0.030089,0.090473,0.214875,0.106673,0.862319
B2A,03a17d96e1.jpg,0.033922,0.019367,0.203323,0.479698,0.178476,0.584134
B2A,04cf8e6d5f.jpg,0.032231,0.024075,0.115929,0.265324,0.140042,0.826484
B2A,04f71da37b.jpg,0.025122,0.021227,0.144575,0.470760,0.128631,0.595202
B2A,04f72d81b0.jpg,0.044025,0.030984,0.128636,0.307032,0.234681,0.844260
B2A,04fa456bc9.jpg,0.028507,0.016216,0.241145,0.474823,0.115086,0.703986
B2A,0541ce0c1a.jpg,0.050868,0.037292,0.099230,0.313558,0.136719,0.749818
B2A,055e5dca6e.jpg,0.025704,0.017258,0.188738,0.493364,0.115089,0.741407
B2A,058af422c6.jpg,0.104717,0.097426,0.199490,0.335172,0.157537,0.858047
B2A,05f4b38e6e.jpg,0.032144,0.023099,0.170002,0.576169,0.141142,0.754870
B2A,0665264678.jpg,0.042767,0.032118,0.082208,0.310956,0.192963,0.906998
B2A,066b81e0f9.jpg,0.054562,0.035902,0.100051,0.271596,0.214028,0.847140
B2A,06b8114f82.jpg,0.046565,0.034119,0.139194,0.441817,0.169558,0.723096
B2A,06f749912b.jpg,0.060205,0.026465,0.084286,0.303963,0.145077,0.532534
B2A,074ea8cb6e.jpg,0.031095,0.021297,0.109205,0.340892,0.156239,0.785518
B2A,077bf7e451.jpg,0.080603,0.136343,0.222544,0.489633,0.154457,0.698958
B2A,07ea3a38d2.jpg,0.077205,0.065557,0.294002,0.620382,0.162473,0.587529
B2A,08cbd51033.jpg,0.048628,0.040605,0.173787,0.335632,0.192691,0.815916
B2A,08fd7ac09b.jpg,0.055382,0.033506,0.187410,0.255006,0.170220,0.894184
B2A,090d5b3cca.jpg,0.034662,0.033699,0.156554,0.343717,0.148377,0.758559
B2A,093be92a48.jpg,0.046024,0.027555,0.147458,0.235220,0.124191,0.865330
B2A,09591edd0a.jpg,0.057390,0.035535,0.083895,0.206883,0.171028,0.867312
B2A,098c0ce670.jpg,0.055240,0.031234,0.152471,0.431904,0.159602,0.683061
B2A,098fde2b22.jpg,0.081378,0.057453,0.112453,0.338108,0.256273,0.710163
B2A,0a0d3e6ea7.jpg,0.032176,0.020694,0.153356,0.368191,0.177511,0.823389
B2A,0a284dbed0.jpg,0.039651,0.034696,0.127099,0.216753,0.123903,0.737711
B2A,0a2e5f728d.jpg,0.020934,0.022519,0.171029,0.468951,0.257557,0.659996
B2A,0a44c8287d.jpg,0.034977,0.028450,0.231219,0.478411,0.245284,0.749571
B2A,0a6091114d.jpg,0.022572,0.014636,0.167551,0.438114,0.149767,0.823380
B2A,0a8839fac9.jpg,0.050940,0.033431,0.091238,0.214591,0.103992,0.838748
B2A,0aa4202c77.jpg,0.038715,0.024479,0.132844,0.332950,0.185676,0.817748
B2A,0b1669c3ea.jpg,0.053399,0.041970,0.161024,0.414288,0.194597,0.760079
B2A,0b2f2a3e59.jpg,0.068991,0.052580,0.110699,0.315220,0.237545,0.896478
B2A,0b461ab035.jpg,0.051112,0.049177,0.098292,0.238891,0.165053,0.900935
B2A,0b4f93c337.jpg,0.027182,0.018906,0.162733,0.433867,0.177762,0.803460
B2A,0bede4ba4e.jpg,0.061478,0.048130,0.073914,0.320142,0.120519,0.606827
B2A,0c8a94c597.jpg,0.049433,0.062688,0.090920,0.247604,0.113951,0.759378
B2A,0d2f9d322d.jpg,0.033646,0.015733,0.192714,0.521304,0.178028,0.631198
B2A,0d6f893bc7.jpg,0.049393,0.038728,0.083258,0.333463,0.193377,0.721445
B2A,0d80b97eb4.jpg,0.049608,0.056890,0.193409,0.421962,0.109849,0.704086
B2A,0dd5085fdf.jpg,0.057586,0.043080,0.133027,0.404304,0.293253,0.951037
B2A,0e003670f7.jpg,0.034081,0.014947,0.272012,0.595165,0.115277,0.525397
B2A,0e983a3ef5.jpg,0.018904,0.011949,0.141001,0.424629,0.117636,0.685913
B2A,0eaa8d71f6.jpg,0.026137,0.017631,0.132156,0.434294,0.117770,0.742131
B2A,0f8e316a87.jpg,0.031248,0.041681,0.152061,0.335816,0.096194,0.843167
B2A,0fca1c304e.jpg,0.043707,0.025572,0.147906,0.335376,0.164068,0.771422
B2A,0fef77210a.jpg,0.032011,0.026013,0.198311,0.438553,0.219335,0.700407
B2A,10371b9044.jpg,0.060289,0.043529,0.166994,0.379389,0.132112,0.790546
B2A,1097dcc82e.jpg,0.030412,0.025778,0.181249,0.450220,0.121807,0.795930
B2A,10e101cae7.jpg,0.035850,0.024998,0.093337,0.291711,0.153712,0.755904
B2A,115cd21c1c.jpg,0.027707,0.014738,0.172207,0.462843,0.157325,0.705081
B2A,115f221c2a.jpg,0.044009,0.028738,0.133195,0.386522,0.128669,0.488920
B2A,115f43bae3.jpg,0.041749,0.033062,0.173417,0.356355,0.177984,0.747236
B2A,11bcbf0f67.jpg,0.033557,0.026108,0.060906,0.260472,0.167003,0.870146
B2A,11feb29e6a.jpg,0.037143,0.027075,0.084866,0.269925,0.097966,0.835436
B2A,122f944d40.jpg,0.025403,0.015750,0.201717,0.377776,0.123836,0.630661
B2A,129823154f.jpg,0.048632,0.030698,0.167586,0.430015,0.125066,0.796520
B2A,12d0476b93.jpg,0.038626,0.022547,0.113107,0.384295,0.224824,0.615000
B2A,12f9c1a7b5.jpg,0.051845,0.042231,0.145452,0.366890,0.117170,0.787370
B2A,1355735108.jpg,0.082029,0.064644,0.114778,0.410531,0.338875,0.895603
B2A,13829b20dd.jpg,0.040611,0.030321,0.162501,0.278184,0.154312,0.779449
B2A,13892d15e5.jpg,0.037693,0.027506,0.129662,0.397795,0.161985,0.791610
B2A,13c3b0e711.jpg,0.031512,0.019252,0.115039,0.267810,0.130420,0.913462
B2A,142cda27d9.jpg,0.041762,0.028963,0.148573,0.319746,0.214170,0.820004
B2A,1432b7355d.jpg,0.069435,0.066899,0.174176,0.369736,0.146946,0.765084
B2A,1531eae642.jpg,0.072812,0.047014,0.225685,0.555520,0.173329,0.553673
B2A,153e1ec171.jpg,0.033976,0.024176,0.150722,0.348694,0.141824,0.832942
B2A,1582ec589d.jpg,0.037960,0.027683,0.130581,0.299659,0.136182,0.812136
B2A,15a9b54b5f.jpg,0.057088,0.055302,0.103081,0.287214,0.243686,0.805570
B2A,15d8655b4f.jpg,0.067113,0.046786,0.137944,0.379969,0.141350,0.596941
B2A,15f862b305.jpg,0.029520,0.020260,0.115504,0.282950,0.127129,0.841642
B2A,164492cfa7.jpg,0.056880,0.030536,0.088554,0.279155,0.148786,0.741023
B2A,1645d08cab.jpg,0.026380,0.014422,0.234290,0.559837,0.111963,0.672613
B2A,164ebc7900.jpg,0.033754,0.022146,0.068526,0.199376,0.099202,0.928282
B2A,169c381352.jpg,0.058555,0.044788,0.132773,0.369541,0.283855,0.806931
B2A,16a7a9fc44.jpg,0.037898,0.020336,0.150162,0.402411,0.127978,0.643650
B2A,16de17a9aa.jpg,0.026140,0.029110,0.093764,0.262526,0.095859,0.786164
B2A,1764393c0e.jpg,0.038170,0.023569,0.193483,0.537241,0.186707,0.772794
B2A,1789a61138.jpg,0.037461,0.022603,0.147870,0.498345,0.261038,0.706675
B2A,181f424335.jpg,0.032587,0.027269,0.240676,0.483777,0.113770,0.702788
B2A,184a433ce3.jpg,0.027000,0.013697,0.093421,0.523524,0.177069,0.660255
B2A,186e98dcb8.jpg,0.044238,0.031346,0.112356,0.308423,0.117198,0.800459
B2A,18aca60c06.jpg,0.029552,0.018765,0.168996,0.455084,0.140195,0.673467
B2A,190633c073.jpg,0.061776,0.046720,0.090347,0.493216,0.418387,0.885628
B2A,1960283fd5.jpg,0.056871,0.048338,0.115054,0.358393,0.117368,0.699177
B2A,1986fa52f5.jpg,0.029993,0.015643,0.266690,0.551860,0.169845,0.606183
B2A,1998700449.jpg,0.046632,0.033479,0.075475,0.331370,0.144101,0.724348
B2A,199a3e859f.jpg,0.050220,0.029358,0.115383,0.346607,0.089687,0.664090
B2A,19b0fbeba0.jpg,0.053755,0.044785,0.076502,0.470209,0.461176,0.843761
B2A,19b944dbbf.jpg,0.033055,0.023098,0.125929,0.466510,0.140661,0.767975
B2A,19be535e5f.jpg,0.019499,0.019976,0.129553,0.347252,0.103314,0.675791
B2A,1a25f82753.jpg,0.065298,0.045788,0.089008,0.496753,0.386451,0.823982
B2A,1ad8701262.jpg,0.047591,0.034608,0.127433,0.353291,0.114828,0.642269
B2A,1ae03b00e7.jpg,0.041423,0.017843,0.114191,0.429325,0.185254,0.641101
B2A,1b72549327.jpg,0.074532,0.088100,0.105006,0.388437,0.165611,0.655816
B2A,1bb8674fbf.jpg,0.041612,0.023437,0.135990,0.495779,0.188447,0.761775
B2A,1be6584349.jpg,0.039942,0.026206,0.157514,0.418346,0.120639,0.819245
B2A,1c4de511e1.jpg,0.038955,0.027049,0.257333,0.697651,0.193057,0.714284
B2A,1c5cc22c2c.jpg,0.055980,0.047567,0.087834,0.200610,0.179125,0.896084
B2A,1cfe6aba33.jpg,0.041783,0.028194,0.134806,0.341704,0.215038,0.834525
B2A,1d0aecbd16.jpg,0.065882,0.043856,0.116273,0.517145,0.340448,0.780861
B2A,1d0f76765b.jpg,0.064077,0.031252,0.212721,0.710404,0.359130,0.520317
B2A,1d205c56c5.jpg,0.030684,0.017378,0.213641,0.447006,0.173927,0.825456
B2A,1d44f79c1c.jpg,0.079940,0.046428,0.071942,0.355237,0.162601,0.869327
B2A,1d53ac5a9f.jpg,0.025422,0.011274,0.138634,0.371838,0.122265,0.857743
B2A,1d5aa09f6b.jpg,0.078428,0.084890,0.154454,0.392430,0.179090,0.629431
B2A,1d726a097f.jpg,0.045049,0.028648,0.157393,0.332494,0.167702,0.756137
B2A,1d939cb782.jpg,0.027530,0.019624,0.157871,0.434568,0.110578,0.742886
B2A,1d971deb73.jpg,0.036363,0.018980,0.052613,0.415698,0.108108,0.721687
B2A,1da3631b3f.jpg,0.032391,0.019425,0.100977,0.429764,0.148337,0.825445
B2A,1da6888f64.jpg,0.039384,0.027588,0.103872,0.349399,0.212370,0.724388
B2A,1dcbd84c73.jpg,0.039579,0.020978,0.102737,0.293311,0.125593,0.669462
B2A,1ef162e31d.jpg,0.058212,0.073195,0.071057,0.371800,0.236360,0.698883
B2A,1f2d34b65b.jpg,0.044612,0.026849,0.089448,0.226423,0.106792,0.844111
B2A,1fe223e960.jpg,0.046641,0.030100,0.124498,0.316806,0.176226,0.682416
B2A,1fedaf095f.jpg,0.041797,0.036091,0.159990,0.292075,0.115278,0.915143
B2A,2022ef77f2.jpg,0.027565,0.025525,0.279703,0.635893,0.112074,0.571675
B2A,20454954b2.jpg,0.065287,0.021095,0.104751,0.412572,0.190295,0.540768
B2A,2066a2e091.jpg,0.058534,0.044185,0.092850,0.346698,0.332670,0.844852
B2A,209bdb1587.jpg,0.029432,0.020844,0.132534,0.445697,0.148030,0.602449
B2A,20b2d4f4bf.jpg,0.068490,0.054739,0.162998,0.518694,0.449413,0.721979
B2A,211ca2dfb4.jpg,0.037387,0.029264,0.151791,0.386271,0.084206,0.801139
B2A,2129f6f2dc.jpg,0.028194,0.018233,0.133647,0.458434,0.126593,0.512368
B2A,212cf8498d.jpg,0.041434,0.024632,0.150698,0.534401,0.246316,0.664836
B2A,21b9aafc49.jpg,0.042755,0.024385,0.127958,0.309120,0.135255,0.813199
B2A,21e5c1891c.jpg,0.057650,0.052740,0.059317,0.254106,0.173352,0.856024
B2A,21fe71a93b.jpg,0.044990,0.030972,0.235330,0.537255,0.182919,0.701428
B2A,2257860322.jpg,0.048590,0.028898,0.104664,0.397317,0.227229,0.578794
B2A,229eca589c.jpg,0.045430,0.028194,0.127204,0.377056,0.203047,0.814543
B2A,22b5b48553.jpg,0.049303,0.035794,0.103023,0.315020,0.167067,0.852917
B2A,22c2ebefea.jpg,0.039377,0.036422,0.126437,0.292949,0.107479,0.889081
B2A,22e1784ae5.jpg,0.054233,0.042278,0.132748,0.363055,0.255430,0.826677
B2A,236e24292a.jpg,0.062735,0.043414,0.146689,0.289962,0.164641,0.783087
B2A,2379cb1f27.jpg,0.049718,0.029255,0.140131,0.429564,0.134662,0.646744
B2A,2403efbfd3.jpg,0.041051,0.037089,0.156864,0.378875,0.180411,0.771385
B2A,240a7c491a.jpg,0.025028,0.015105,0.143434,0.418536,0.100473,0.750468
B2A,2410f7ebd1.jpg,0.032515,0.016172,0.152648,0.589864,0.135465,0.556238
B2A,244cb6321d.jpg,0.035815,0.040374,0.119656,0.377943,0.157129,0.849491
B2A,248e98e6e5.jpg,0.031666,0.014972,0.209131,0.453880,0.090773,0.783431
B2A,24d819c261.jpg,0.045054,0.030065,0.090130,0.367973,0.284323,0.808680
B2A,2552f6c0e4.jpg,0.028323,0.021759,0.063517,0.150792,0.099315,0.862099
B2A,26494a01e1.jpg,0.067778,0.041416,0.148158,0.378251,0.207717,0.884864
B2A,265f7accbd.jpg,0.047431,0.034047,0.146123,0.465296,0.220126,0.632104
B2A,26b9449f10.jpg,0.038529,0.064966,0.097706,0.367193,0.101183,0.607235
B2A,2734c9504b.jpg,0.042863,0.036164,0.108425,0.250362,0.123206,0.798445
B2A,27534f0e65.jpg,0.031445,0.016491,0.127001,0.340225,0.104082,0.752359
B2A,281b790739.jpg,0.028247,0.018437,0.142769,0.277893,0.125091,0.780888
B2A,2951fe2fe1.jpg,0.041499,0.028121,0.096627,0.463992,0.265729,0.806239
B2A,296b177cad.jpg,0.050717,0.038428,0.185130,0.340693,0.287159,0.739085
B2A,29a0754ddd.jpg,0.037046,0.024243,0.090546,0.266340,0.111631,0.891088
B2A,29afd0e0cb.jpg,0.028170,0.055150,0.146040,0.433852,0.158518,0.612454
B2A,29d335a6a9.jpg,0.042070,0.025234,0.143425,0.271471,0.122033,0.764529
B2A,2a4211a6e4.jpg,0.038202,0.024818,0.146163,0.504188,0.103084,0.740754
B2A,2a4a9d54a7.jpg,0.047557,0.040364,0.081870,0.169920,0.145932,0.822774
B2A,2a791629c4.jpg,0.047605,0.034438,0.093199,0.294482,0.186378,0.755247
B2A,2a89dc7912.jpg,0.038061,0.026128,0.138015,0.340859,0.188153,0.772953
B2A,2aa39bfaca.jpg,0.034286,0.022686,0.069086,0.171391,0.097951,0.831715
B2A,2b19987d57.jpg,0.054867,0.045450,0.269382,0.420158,0.198874,0.776529
B2A,2b222ce74d.jpg,0.072391,0.051352,0.081229,0.352023,0.254550,0.771200
B2A,2b6cd9bbf2.jpg,0.065098,0.051866,0.317194,0.691268,0.186142,0.557786
B2A,2bd4e078d7.jpg,0.065392,0.088041,0.083825,0.461364,0.199055,0.568066
B2A,2be00d7888.jpg,0.042808,0.042765,0.101837,0.370407,0.183974,0.693994
B2A,2c1f8326a4.jpg,0.033427,0.013522,0.202033,0.562303,0.128370,0.571500
B2A,2ca2d1287f.jpg,0.028203,0.028217,0.116473,0.450992,0.155145,0.665967
B2A,2ca79c8d4a.jpg,0.033065,0.021829,0.168085,0.450714,0.215582,0.717889
B2A,2cc7029c30.jpg,0.024273,0.014558,0.145373,0.385468,0.110771,0.804531
B2A,2cd4ca4ff7.jpg,0.027063,0.018793,0.147298,0.282594,0.096763,0.828595
B2A,2ce941f6ea.jpg,0.030614,0.018874,0.070503,0.220008,0.100282,0.805097
B2A,2d1fc447a1.jpg,0.137209,0.127755,0.196345,0.377951,0.188938,0.534006
B2A,2d220cb18e.jpg,0.044718,0.031339,0.116745,0.352385,0.221116,0.728140
B2A,2d5abca3d6.jpg,0.049041,0.049283,0.100509,0.310868,0.240573,0.878767
B2A,2dac7d65e9.jpg,0.041726,0.026439,0.157633,0.365972,0.190568,0.743701
B2A,2dacb0a259.jpg,0.053421,0.048720,0.130521,0.262187,0.138590,0.864990
B2A,2daf4ce562.jpg,0.051935,0.037686,0.154898,0.411289,0.177450,0.710030
B2A,2db8fdcdb6.jpg,0.069760,0.066197,0.094845,0.342366,0.262964,0.751385
B2A,2e90f3f80e.jpg,0.045842,0.029466,0.141591,0.349822,0.200824,0.774287
B2A,2f220b23a4.jpg,0.025998,0.014481,0.293789,0.679641,0.102557,0.597571
B2A,2fb1aee127.jpg,0.060839,0.044463,0.070483,0.464137,0.249081,0.686523
B2A,2fb56b3050.jpg,0.037380,0.026219,0.093160,0.167656,0.098187,0.875189
B2A,2fb9a62d4f.jpg,0.033810,0.025918,0.094912,0.413069,0.187285,0.611572
B2A,303b61552d.jpg,0.082138,0.064558,0.117305,0.493792,0.402444,0.848438
B2A,30647276ab.jpg,0.074003,0.049207,0.297308,0.523265,0.216784,0.727747
B2A,30ca82141f.jpg,0.036733,0.021162,0.191484,0.490152,0.222797,0.794334
B2A,30d24dd7c8.jpg,0.039412,0.042561,0.242190,0.512322,0.239312,0.805794
B2A,30ea58dabb.jpg,0.082038,0.077650,0.199639,0.555586,0.197658,0.546835
B2A,30f4a36c95.jpg,0.044862,0.028879,0.148191,0.332395,0.111792,0.781025
B2A,312c2be90b.jpg,0.039323,0.022228,0.099684,0.278288,0.133757,0.817501
B2A,32277975c5.jpg,0.031015,0.014097,0.159669,0.389557,0.170063,0.556630
B2A,3277390c9b.jpg,0.051583,0.029295,0.175062,0.533511,0.135278,0.603747
B2A,327bbda45b.jpg,0.022718,0.029037,0.097154,0.351147,0.104305,0.831942
B2A,32882d9a83.jpg,0.046858,0.026313,0.165744,0.372265,0.197034,0.775575
B2A,32df0e0408.jpg,0.043425,0.027723,0.156192,0.260220,0.131306,0.555437
B2A,33084e742e.jpg,0.074497,0.075844,0.081442,0.437953,0.180135,0.708927
B2A,332da05c9c.jpg,0.068432,0.051475,0.110675,0.400991,0.372212,0.780246
B2A,33392f6dea.jpg,0.062709,0.044824,0.271671,0.512697,0.142996,0.653632
B2A,338fec22de.jpg,0.113982,0.106605,0.260409,0.555785,0.151520,0.514604
B2A,33ce5179c2.jpg,0.039940,0.038889,0.103570,0.345199,0.105076,0.660221
B2A,33e4c897aa.jpg,0.054362,0.041563,0.102515,0.197259,0.193681,0.903077
B2A,33f2df4cbe.jpg,0.071067,0.058773,0.142446,0.350859,0.136433,0.741363
B2A,345ee88105.jpg,0.035151,0.024539,0.107716,0.184565,0.086544,0.726105
B2A,347a1a864e.jpg,0.062405,0.046681,0.079623,0.207701,0.165229,0.911058
B2A,352e273208.jpg,0.041645,0.030154,0.095536,0.307746,0.151555,0.822016
B2A,3621a894db.jpg,0.053977,0.040891,0.139724,0.397020,0.223798,0.671469
B2A,3656053e31.jpg,0.032094,0.027433,0.241934,0.564012,0.166191,0.616920
B2A,36a93aa776.jpg,0.036537,0.026550,0.083187,0.237508,0.128772,0.688631
B2A,36d67864d9.jpg,0.034838,0.023763,0.159741,0.436337,0.178494,0.800492
B2A,36daf4d43d.jpg,0.029740,0.013908,0.187247,0.466483,0.110487,0.864377
B2A,36e4004846.jpg,0.045340,0.030729,0.132354,0.287629,0.172414,0.832867
B2A,36f6aeb966.jpg,0.044316,0.024871,0.203411,0.424625,0.155662,0.773078
B2A,372dc58821.jpg,0.072090,0.090052,0.141225,0.432169,0.223628,0.587187
B2A,376073b21e.jpg,0.033810,0.024339,0.116833,0.366482,0.243532,0.820290
B2A,37a5918d6f.jpg,0.064656,0.059994,0.069518,0.208082,0.116880,0.801302
B2A,37d3e79b71.jpg,0.041360,0.057183,0.104282,0.477639,0.165815,0.542059
B2A,381267e62a.jpg,0.048542,0.033327,0.142744,0.381752,0.185501,0.665362
B2A,383bfdbd98.jpg,0.033102,0.025379,0.163495,0.492805,0.167628,0.674907
B2A,385d53e164.jpg,0.032030,0.014444,0.251803,0.600690,0.178951,0.550047
B2A,38662909dd.jpg,0.029262,0.026491,0.138295,0.495487,0.156773,0.657220
B2A,38992f60c4.jpg,0.044784,0.025927,0.101096,0.299778,0.157193,0.833635
B2A,38d0de69d8.jpg,0.018978,0.016048,0.085274,0.285400,0.079166,0.879096
B2A,390f3f16d6.jpg,0.041626,0.037300,0.209549,0.418792,0.182029,0.786055
B2A,3a423d3645.jpg,0.033846,0.036179,0.183098,0.483054,0.280181,0.761484
B2A,3a582c9914.jpg,0.030428,0.018597,0.101832,0.286791,0.120607,0.866989
B2A,3b3f9ecd9d.jpg,0.042585,0.031600,0.083833,0.179494,0.091309,0.852805
B2A,3bc75876be.jpg,0.027738,0.019511,0.076658,0.234993,0.106727,0.687711
B2A,3bd8747102.jpg,0.033349,0.026787,0.140631,0.389574,0.184061,0.879617
B2A,3c1963d1f8.jpg,0.061772,0.057061,0.149743,0.330356,0.256978,0.747468
B2A,3c65d848ee.jpg,0.038515,0.029862,0.097676,0.361857,0.173874,0.628718
B2A,3c8de7efcc.jpg,0.027103,0.016318,0.119321,0.394529,0.157565,0.674520
B2A,3cdbcd6c29.jpg,0.043417,0.039114,0.119387,0.399226,0.216017,0.694461
B2A,3d2c394405.jpg,0.110139,0.100051,0.240020,0.410837,0.124266,0.674454
B2A,3d3b9f4ba1.jpg,0.038957,0.029599,0.156451,0.426761,0.140112,0.702370
B2A,3dcdf82bcd.jpg,0.050646,0.051044,0.144912,0.594440,0.214795,0.527628
B2A,3e097a4c02.jpg,0.052687,0.043705,0.092176,0.301986,0.248950,0.771087
B2A,3e31646935.jpg,0.044073,0.033038,0.074552,0.233760,0.099076,0.828433
B2A,3e3b342a95.jpg,0.048952,0.030216,0.201236,0.340535,0.162977,0.826208
B2A,3eb7c094c0.jpg,0.027927,0.011668,0.164027,0.382958,0.128355,0.752185
B2A,3ebc8a4013.jpg,0.041764,0.041147,0.097650,0.236273,0.153111,0.837525
B2A,3f1191a447.jpg,0.042850,0.038110,0.147773,0.357403,0.159649,0.737464
B2A,3f220a6caa.jpg,0.032019,0.016607,0.126841,0.270266,0.127546,0.841607
B2A,3f28319f81.jpg,0.013491,0.015543,0.227048,0.563371,0.127189,0.684273
B2A,3f7dc6a469.jpg,0.030564,0.017491,0.100856,0.311983,0.133304,0.764399
B2A,3f844f5b59.jpg,0.045246,0.037907,0.081280,0.094222,0.109760,0.957865
B2A,3fa1aa1d56.jpg,0.065114,0.062640,0.229849,0.384242,0.141017,0.725105
B2A,3fa61d1b59.jpg,0.040000,0.038422,0.180043,0.357608,0.119919,0.617930
B2A,4033c4fd83.jpg,0.088664,0.078569,0.170270,0.337351,0.161015,0.736193
B2A,40634ec806.jpg,0.099265,0.115600,0.056648,0.357125,0.235735,0.750416
B2A,4069eee71a.jpg,0.044392,0.012961,0.139029,0.484525,0.193556,0.627143
B2A,406f7f455a.jpg,0.128454,0.162550,0.180294,0.320312,0.151175,0.789422
B2A,408c4b86d7.jpg,0.040913,0.026479,0.089476,0.310328,0.151780,0.834062
B2A,41316be2ab.jpg,0.036004,0.022005,0.090649,0.273635,0.122045,0.841026
B2A,4185e8411e.jpg,0.036210,0.023920,0.162751,0.353597,0.178315,0.802725
B2A,4197e5cf91.jpg,0.074094,0.026927,0.262510,0.684458,0.206046,0.513279
B2A,41aab05613.jpg,0.033525,0.023446,0.098074,0.204137,0.113276,0.873013
B2A,41d6d46378.jpg,0.035408,0.026051,0.058072,0.293742,0.180910,0.842767
B2A,420386aab6.jpg,0.053820,0.041229,0.205448,0.479319,0.246045,0.716076
B2A,4255eb0cb0.jpg,0.040605,0.028336,0.153821,0.439486,0.256275,0.757207
B2A,4262ee33cf.jpg,0.038422,0.015507,0.185756,0.517969,0.211450,0.614529
B2A,4263de0622.jpg,0.043588,0.029904,0.116301,0.238023,0.133287,0.817576
B2A,42e33a0f4e.jpg,0.061183,0.044312,0.120566,0.458446,0.342658,0.779717
B2A,4308c43102.jpg,0.043978,0.028592,0.116176,0.265301,0.210483,0.913944
B2A,43425f75c3.jpg,0.025683,0.017054,0.137618,0.389389,0.124268,0.687657
B2A,436738950d.jpg,0.049222,0.034618,0.102469,0.317096,0.211202,0.815698
B2A,43a5271014.jpg,0.051295,0.034088,0.126291,0.306607,0.227897,0.841813
B2A,43d7a934de.jpg,0.048212,0.027571,0.089221,0.201611,0.121289,0.872850
B2A,43db8e440e.jpg,0.029578,0.016678,0.150242,0.439647,0.142440,0.683033
B2A,44643764ef.jpg,0.027405,0.019203,0.158073,0.344868,0.108454,0.593377
B2A,447ceb7434.jpg,0.039978,0.023027,0.105510,0.316701,0.134749,0.809100
B2A,44811f744f.jpg,0.025346,0.025240,0.146743,0.310704,0.107157,0.797518
B2A,451fa08066.jpg,0.051153,0.033203,0.103092,0.418245,0.284688,0.759183
B2A,452c2eae3c.jpg,0.034293,0.023367,0.189875,0.418614,0.213984,0.678298
B2A,4551f3f54b.jpg,0.027203,0.015545,0.127065,0.326566,0.092321,0.717128
B2A,45ae43ca11.jpg,0.040207,0.022917,0.136869,0.401884,0.151045,0.604683
B2A,45d284a829.jpg,0.055162,0.025463,0.228806,0.438792,0.149284,0.536661
B2A,467657f396.jpg,0.039258,0.029741,0.103723,0.333641,0.162273,0.857039
B2A,4706619607.jpg,0.044990,0.037899,0.207460,0.328495,0.128170,0.824686
B2A,47100a9939.jpg,0.031850,0.020007,0.095532,0.288807,0.104910,0.764885
B2A,481456b5a6.jpg,0.039625,0.025474,0.098685,0.389396,0.167385,0.738874
B2A,481bd32b6c.jpg,0.055083,0.029776,0.268640,0.614091,0.145560,0.586271
B2A,489c841af4.jpg,0.031452,0.013060,0.240859,0.537329,0.157443,0.560126
B2A,48eac3916f.jpg,0.080988,0.076998,0.093414,0.427240,0.260148,0.728711
B2A,49a9692a0e.jpg,0.065416,0.048801,0.071449,0.210960,0.122812,0.841319
B2A,49b8c4ea37.jpg,0.042620,0.021458,0.143021,0.285820,0.132252,0.677080
B2A,49e4129024.jpg,0.030829,0.017617,0.252600,0.623146,0.132087,0.502939
B2A,4a16981927.jpg,0.038920,0.026443,0.079312,0.227257,0.119413,0.842111
B2A,4a1bb1d46c.jpg,0.065960,0.033069,0.086811,0.405450,0.186679,0.651162
B2A,4abda75494.jpg,0.037184,0.026791,0.104548,0.291585,0.170456,0.815889
B2A,4b09444fe2.jpg,0.048370,0.034032,0.155115,0.384431,0.266081,0.841103
B2A,4b0db938a7.jpg,0.030934,0.029316,0.107671,0.246119,0.096192,0.870099
B2A,4b2d102def.jpg,0.060929,0.047773,0.158274,0.444447,0.227059,0.703302
B2A,4b59dd4ebc.jpg,0.042282,0.028866,0.094653,0.284028,0.223581,0.852964
B2A,4bd43d88d4.jpg,0.048516,0.036543,0.110670,0.431620,0.288339,0.828042
B2A,4bd8ec5dd3.jpg,0.076857,0.025953,0.294062,0.752844,0.253294,0.644251
B2A,4bf1292d69.jpg,0.040953,0.044270,0.089101,0.226460,0.164088,0.873959
B2A,4c1165be97.jpg,0.032832,0.034248,0.084703,0.349849,0.133363,0.692117
B2A,4c30ff85a7.jpg,0.064387,0.029467,0.151042,0.320031,0.169654,0.726049
B2A,4c7692cb0c.jpg,0.040724,0.026414,0.224703,0.520346,0.112838,0.737422
B2A,4ca6e5451a.jpg,0.076859,0.085901,0.192614,0.467807,0.142116,0.586389
B2A,4d0eb41723.jpg,0.053897,0.039843,0.114607,0.378227,0.259588,0.813520
B2A,4d4b6bcac4.jpg,0.058276,0.032924,0.087672,0.396325,0.169476,0.704462
B2A,4d4f6174f1.jpg,0.071627,0.043838,0.152815,0.442371,0.128798,0.801180
B2A,4d83b23265.jpg,0.030998,0.012963,0.188285,0.494487,0.238394,0.781272
B2A,4dc37726d9.jpg,0.036363,0.036732,0.064474,0.231877,0.129975,0.920200
B2A,4e093e9511.jpg,0.049333,0.036479,0.092650,0.370255,0.311293,0.819768
B2A,4e341f8891.jpg,0.054435,0.048202,0.182761,0.513735,0.149310,0.562249
B2A,4e5451ed74.jpg,0.034973,0.016355,0.205959,0.539126,0.196878,0.575154
B2A,4e6e7f30da.jpg,0.038867,0.022877,0.120578,0.388181,0.109127,0.653951
B2A,4ebb3df6e1.jpg,0.024710,0.013855,0.201423,0.390903,0.113804,0.765672
B2A,4ec313a8cd.jpg,0.034605,0.028678,0.153539,0.482858,0.147576,0.592688
B2A,4ef10f3299.jpg,0.060624,0.087117,0.110300,0.377893,0.318157,0.828172
B2A,4f1fc68a47.jpg,0.057870,0.047117,0.110927,0.252903,0.306459,0.863403
B2A,4f36d845b0.jpg,0.058595,0.049297,0.234788,0.480619,0.151737,0.778550
B2A,4f5d5e7da3.jpg,0.064729,0.035357,0.135418,0.452523,0.225727,0.608593
B2A,4f6353e80e.jpg,0.024161,0.015602,0.111234,0.465810,0.139033,0.647541
B2A,4f83d232c2.jpg,0.058760,0.057346,0.082342,0.317083,0.421658,0.888328
B2A,4fc41e388a.jpg,0.057561,0.019318,0.148378,0.583465,0.246774,0.547427
B2A,4fc90f8de5.jpg,0.030283,0.034599,0.072159,0.288411,0.185697,0.755277
B2A,4fe72a654e.jpg,0.030701,0.024230,0.179340,0.430615,0.215791,0.758349
B2A,50115558cd.jpg,0.034255,0.025843,0.143564,0.427617,0.176865,0.790399
B2A,5019a8ffcf.jpg,0.071280,0.050361,0.227665,0.574095,0.208745,0.668712
B2A,5065b423b0.jpg,0.050168,0.034228,0.069847,0.216613,0.147858,0.757776
B2A,506fdcb3c1.jpg,0.027664,0.018184,0.134604,0.296705,0.190147,0.738554
B2A,50e9fc6fdd.jpg,0.032738,0.018603,0.225772,0.511198,0.132191,0.669604
B2A,51068cd053.jpg,0.041935,0.027536,0.098789,0.325957,0.169167,0.805492
B2A,5116db8d92.jpg,0.038276,0.023997,0.135456,0.338585,0.183980,0.805688
B2A,51e7037c03.jpg,0.033389,0.016233,0.226890,0.508763,0.130155,0.477892
B2A,51ede123f3.jpg,0.056861,0.053848,0.106411,0.283370,0.229486,0.872193
B2A,527ddb23d4.jpg,0.041708,0.028931,0.133108,0.414749,0.118844,0.694602
B2A,52bd17daa7.jpg,0.025743,0.013348,0.105070,0.292654,0.104716,0.776112
B2A,52f641c328.jpg,0.032309,0.023906,0.042332,0.182865,0.124843,0.776340
B2A,533be4e6eb.jpg,0.045193,0.041428,0.112818,0.323876,0.106379,0.793195
B2A,5342ec67da.jpg,0.101817,0.065285,0.227976,0.370190,0.178444,0.782308
B2A,534703a792.jpg,0.045624,0.035688,0.080714,0.232238,0.147046,0.886530
B2A,537f558973.jpg,0.052005,0.045267,0.150616,0.350574,0.220610,0.866327
B2A,53b835550d.jpg,0.036090,0.017409,0.157770,0.364568,0.107501,0.747204
B2A,53e766ae2b.jpg,0.038402,0.030448,0.071193,0.264377,0.184591,0.843215
B2A,5418378939.jpg,0.047734,0.030237,0.143170,0.435905,0.262400,0.549699
B2A,5435fdfdc4.jpg,0.037790,0.026157,0.087951,0.311807,0.161651,0.862155
B2A,5452e17b68.jpg,0.115049,0.069558,0.263112,0.400672,0.171028,0.742102
B2A,54538aea8b.jpg,0.070341,0.056878,0.108462,0.322988,0.234514,0.689012
B2A,547c5615d1.jpg,0.052929,0.043214,0.133345,0.508635,0.156529,0.559890
B2A,54b556920a.jpg,0.046747,0.063247,0.153846,0.385368,0.206063,0.592554
B2A,5519a2e240.jpg,0.030385,0.018588,0.176659,0.431109,0.093051,0.765385
B2A,55364f51f9.jpg,0.074544,0.043970,0.101858,0.308032,0.229252,0.863247
B2A,5587066bdc.jpg,0.061305,0.047256,0.090553,0.425553,0.310485,0.678887
B2A,55a8a07dde.jpg,0.053977,0.050123,0.064716,0.266828,0.271536,0.924882
B2A,55b015b4df.jpg,0.046108,0.022544,0.106073,0.307365,0.138574,0.827918
B2A,55d0d2d4a1.jpg,0.031970,0.018368,0.201974,0.378126,0.130535,0.601850
B2A,5619b15af5.jpg,0.043756,0.023896,0.207151,0.575353,0.096969,0.642826
B2A,561c1f7cde.jpg,0.042008,0.023058,0.153747,0.348514,0.160643,0.789036
B2A,5654801d96.jpg,0.045105,0.030446,0.088657,0.255757,0.126389,0.621131
B2A,56bfd45d42.jpg,0.034646,0.027921,0.116748,0.257664,0.086443,0.761215
B2A,5707c424dd.jpg,0.043803,0.033392,0.102781,0.402512,0.205262,0.743737
B2A,571325ea85.jpg,0.049334,0.047370,0.133766,0.461215,0.283511,0.690876
B2A,5784a2edfb.jpg,0.062750,0.044991,0.084056,0.355741,0.350146,0.817515
B2A,57965b2143.jpg,0.032767,0.020276,0.129532,0.407772,0.122060,0.616582
B2A,579d0d4e7d.jpg,0.031119,0.023841,0.115764,0.402265,0.160597,0.791246
B2A,57c47a8905.jpg,0.044931,0.014837,0.236671,0.522681,0.129064,0.572445
B2A,57c528a4d5.jpg,0.041089,0.029260,0.107446,0.434259,0.185800,0.689392
B2A,585efde177.jpg,0.034384,0.024145,0.200995,0.630591,0.134635,0.633930
B2A,587a865f86.jpg,0.071052,0.053910,0.092383,0.501924,0.404846,0.782237
B2A,587cc7c2fe.jpg,0.041268,0.029360,0.112496,0.388158,0.139099,0.738200
B2A,58ae62fe43.jpg,0.018881,0.012165,0.210665,0.583681,0.089235,0.580170
B2A,5a114c6f90.jpg,0.032575,0.019602,0.166073,0.412184,0.144521,0.737628
B2A,5a234f081a.jpg,0.064310,0.049447,0.107821,0.365227,0.269973,0.880752
B2A,5a294c5685.jpg,0.069374,0.043185,0.107680,0.347202,0.275905,0.482959
B2A,5a648082a7.jpg,0.036622,0.023846,0.131519,0.289708,0.139329,0.797011
B2A,5a885d5128.jpg,0.054029,0.059069,0.092326,0.347415,0.124897,0.794826
B2A,5a90fcd546.jpg,0.041841,0.043103,0.119379,0.280135,0.128885,0.789449
B2A,5aac6a791e.jpg,0.047715,0.029556,0.153011,0.357420,0.165540,0.782020
B2A,5b1c17961a.jpg,0.038099,0.027724,0.104409,0.354240,0.125846,0.737584
B2A,5b39ba9b27.jpg,0.061739,0.060175,0.169470,0.351809,0.106574,0.751544
B2A,5b644de405.jpg,0.042067,0.018513,0.218471,0.484327,0.124939,0.604727
B2A,5b67d44eea.jpg,0.034717,0.021590,0.080464,0.328607,0.122925,0.831017
B2A,5ba1f82d11.jpg,0.054151,0.041983,0.174357,0.421193,0.264759,0.703625
B2A,5c0287b212.jpg,0.050584,0.037911,0.129878,0.311259,0.188490,0.810121
B2A,5d10d088ee.jpg,0.050651,0.019657,0.105634,0.442714,0.254112,0.616825
B2A,5d3ce96256.jpg,0.094046,0.069710,0.162120,0.368353,0.368863,0.817317
B2A,5e05579bfb.jpg,0.043185,0.023121,0.209217,0.512023,0.217917,0.781522
B2A,5e49c27b03.jpg,0.067694,0.049403,0.099859,0.475989,0.334778,0.808839
B2A,5e4de25a9c.jpg,0.035226,0.028434,0.080161,0.195566,0.150716,0.880481
B2A,5e64b64de8.jpg,0.066328,0.056925,0.136515,0.337131,0.258207,0.778300
B2A,5f14f7641d.jpg,0.049541,0.032328,0.108312,0.372243,0.257451,0.811958
B2A,5fd438d742.jpg,0.024555,0.028737,0.139623,0.409714,0.148424,0.671127
B2A,5ff7a6bd52.jpg,0.035016,0.022527,0.140370,0.278963,0.133926,0.820336
B2A,60268cfb2f.jpg,0.068989,0.061545,0.173743,0.461099,0.223058,0.728829
B2A,611ce907ee.jpg,0.023670,0.023201,0.128124,0.490613,0.168679,0.681799
B2A,6165bb7d20.jpg,0.091524,0.125288,0.077976,0.498946,0.144294,0.682697
B2A,61ca26c3f0.jpg,0.022461,0.023907,0.218833,0.519637,0.385665,0.579861
B2A,61d1dacb0a.jpg,0.036413,0.042736,0.116991,0.457426,0.153944,0.685499
B2A,61f79ea5e3.jpg,0.045949,0.041338,0.096578,0.220618,0.101649,0.794833
B2A,61febf655e.jpg,0.063860,0.083142,0.318787,0.398125,0.127192,0.655264
B2A,6203a47be6.jpg,0.024013,0.015408,0.182644,0.479674,0.126703,0.692248
B2A,6203de934f.jpg,0.028481,0.016585,0.080622,0.324719,0.127560,0.753866
B2A,623226574f.jpg,0.036568,0.023652,0.079915,0.206925,0.120512,0.876234
B2A,6233033047.jpg,0.049016,0.054120,0.141315,0.340897,0.142319,0.638773
B2A,62a4327b05.jpg,0.037222,0.028018,0.161218,0.447674,0.254841,0.733248
B2A,62c5a2a3c0.jpg,0.029599,0.014546,0.106434,0.361142,0.169533,0.785599
B2A,630d324a16.jpg,0.035563,0.022381,0.189887,0.453847,0.165046,0.785703
B2A,638093f853.jpg,0.052020,0.035486,0.125017,0.323732,0.189067,0.846690
B2A,6383f39af4.jpg,0.023919,0.011038,0.171787,0.392123,0.140212,0.654542
B2A,63e73c1dc9.jpg,0.036124,0.026277,0.183380,0.353909,0.166186,0.770119
B2A,643916e05b.jpg,0.033801,0.019021,0.236905,0.483240,0.123576,0.745014
B2A,6440dd45f8.jpg,0.039474,0.025685,0.222495,0.450553,0.237895,0.759915
B2A,64813f537a.jpg,0.021498,0.016628,0.139451,0.324024,0.096784,0.775564
B2A,657a1ebe3d.jpg,0.043701,0.028475,0.097098,0.273083,0.143316,0.780071
B2A,65881ff201.jpg,0.032455,0.022629,0.095682,0.260460,0.160307,0.752370
B2A,661d51efae.jpg,0.064146,0.100172,0.166767,0.438199,0.174519,0.689443
B2A,667c0fd61b.jpg,0.029763,0.026268,0.060521,0.205333,0.092649,0.863749
B2A,66db0fe6b4.jpg,0.045237,0.019882,0.153911,0.325634,0.111372,0.669794
B2A,6728f4bba7.jpg,0.038606,0.029566,0.075388,0.232619,0.174479,0.887004
B2A,6736ee186d.jpg,0.051082,0.025458,0.213482,0.458956,0.164601,0.704821
B2A,6751643b4b.jpg,0.042979,0.027934,0.066528,0.367327,0.257462,0.850903
B2A,67811f844f.jpg,0.031861,0.022938,0.161668,0.324125,0.141426,0.803496
B2A,679f2b8c09.jpg,0.054006,0.040906,0.125888,0.237460,0.130254,0.802779
B2A,68161f940a.jpg,0.055154,0.041829,0.125089,0.367235,0.160473,0.842442
B2A,6836334767.jpg,0.093310,0.066231,0.165405,0.496292,0.219161,0.656178
B2A,683ff91f55.jpg,0.047433,0.027708,0.189464,0.468640,0.122291,0.643190
B2A,684be8790c.jpg,0.042258,0.028738,0.208041,0.365425,0.206993,0.772130
B2A,6852f4cb2d.jpg,0.028008,0.018123,0.127698,0.446089,0.149353,0.655094
B2A,68d3757ce1.jpg,0.065681,0.041611,0.108915,0.267278,0.203059,0.805404
B2A,68d785f0cb.jpg,0.051160,0.047396,0.200900,0.426916,0.148391,0.625867
B2A,68e93f1dd4.jpg,0.031277,0.025465,0.121100,0.471292,0.207041,0.614100
B2A,6957a4b495.jpg,0.051400,0.028573,0.125283,0.278789,0.175532,0.823139
B2A,697a7cac68.jpg,0.088447,0.046374,0.256447,0.458635,0.131543,0.625871
B2A,6987bc04a8.jpg,0.067267,0.043386,0.155806,0.295461,0.134537,0.760804
B2A,69b2d90a15.jpg,0.044859,0.032108,0.148286,0.471362,0.271170,0.802299
B2A,69b411b727.jpg,0.043340,0.024935,0.139538,0.326484,0.112076,0.671255
B2A,69ce40e8bd.jpg,0.047419,0.077389,0.101501,0.406620,0.323019,0.815383
B2A,69cf4ee0c1.jpg,0.095582,0.083457,0.112995,0.435090,0.404978,0.802026
B2A,6a24142aad.jpg,0.114392,0.105047,0.105150,0.389025,0.287424,0.755858
B2A,6a6fb64128.jpg,0.078317,0.049074,0.233556,0.635215,0.198656,0.740734
B2A,6b7172639a.jpg,0.041062,0.028349,0.137362,0.304500,0.124129,0.818218
B2A,6bc4af390a.jpg,0.042650,0.029613,0.157836,0.383399,0.261113,0.807439
B2A,6bcea12f74.jpg,0.029712,0.017601,0.109464,0.297086,0.142548,0.752798
B2A,6c19b70453.jpg,0.067290,0.059736,0.062213,0.175127,0.164828,0.844050
B2A,6c28209b0b.jpg,0.064392,0.061368,0.062955,0.276219,0.205166,0.863229
B2A,6c7bd28db6.jpg,0.052965,0.041820,0.084067,0.419240,0.278351,0.808576
B2A,6cada09ad0.jpg,0.024776,0.023957,0.100676,0.287254,0.090987,0.811778
B2A,6cb683712d.jpg,0.057695,0.021474,0.266365,0.622837,0.123634,0.675609
B2A,6cb7a4d1c0.jpg,0.043337,0.033870,0.054143,0.362467,0.195580,0.739902
B2A,6d21dd8e8a.jpg,0.055853,0.039555,0.209919,0.345834,0.135809,0.796886
B2A,6d2db478f1.jpg,0.040713,0.034578,0.116909,0.228620,0.173175,0.812805
B2A,6dc8ab590e.jpg,0.064965,0.040055,0.313452,0.643917,0.134605,0.710839
B2A,6e09fe8d32.jpg,0.032492,0.022735,0.155303,0.471826,0.226756,0.869411
B2A,6e2c4451e5.jpg,0.024417,0.013977,0.191025,0.624574,0.138404,0.658015
B2A,6e656030a0.jpg,0.034887,0.026196,0.175655,0.394474,0.183846,0.715143
B2A,6e924c87a3.jpg,0.171408,0.171444,0.123384,0.285802,0.221427,0.735073
B2A,6ebfe9870b.jpg,0.028988,0.021210,0.193113,0.365298,0.120983,0.717121
B2A,6edee61a9e.jpg,0.046000,0.043495,0.199043,0.442361,0.290470,0.629799
B2A,6ef0e038c4.jpg,0.045151,0.032426,0.146341,0.412267,0.134460,0.718992
B2A,6f77237bfc.jpg,0.034011,0.018405,0.195229,0.491270,0.143599,0.550269
B2A,6f8cb591c0.jpg,0.056900,0.038364,0.147457,0.386586,0.294988,0.711779
B2A,6fc42ec979.jpg,0.045878,0.030291,0.122163,0.311410,0.143718,0.844258
B2A,6fd58bb7ed.jpg,0.030352,0.028212,0.108803,0.278831,0.132798,0.871458
B2A,70c35d97fa.jpg,0.021082,0.016545,0.162349,0.582761,0.125443,0.699274
B2A,714de5bcda.jpg,0.123616,0.082047,0.193791,0.543750,0.277747,0.638932
B2A,71697466d8.jpg,0.029144,0.027672,0.095859,0.297173,0.161752,0.850095
B2A,716981b92d.jpg,0.053873,0.036677,0.219477,0.355316,0.341830,0.872166
B2A,71f375fd61.jpg,0.032721,0.024447,0.183130,0.355993,0.102896,0.775663
B2A,71feaf01d5.jpg,0.034819,0.037873,0.176752,0.409297,0.104084,0.688405
B2A,7226160b9d.jpg,0.040123,0.024513,0.101361,0.258311,0.150780,0.796105
B2A,728ea2432b.jpg,0.061358,0.026242,0.192280,0.508798,0.152120,0.665862
B2A,7325a1d7d0.jpg,0.035481,0.033604,0.355233,0.829820,0.256870,0.540415
B2A,732becb4d6.jpg,0.104333,0.071109,0.101961,0.427364,0.201829,0.681105
B2A,738cc4553d.jpg,0.051358,0.041124,0.122058,0.309581,0.167935,0.848350
B2A,73bc721c0c.jpg,0.064321,0.032314,0.190310,0.421519,0.189136,0.725534
B2A,73d23b9664.jpg,0.065732,0.049749,0.103983,0.199971,0.178432,0.855700
B2A,746f2cd1d2.jpg,0.033621,0.027029,0.074276,0.211145,0.099598,0.881468
B2A,74c1b398ad.jpg,0.038981,0.019937,0.071519,0.170013,0.100289,0.953322
B2A,74f3bf7113.jpg,0.044681,0.029986,0.107959,0.370875,0.208307,0.641930
B2A,7550e074f1.jpg,0.023796,0.027760,0.149666,0.411054,0.124978,0.711294
B2A,7556df8481.jpg,0.055016,0.024383,0.142394,0.389435,0.147771,0.629382
B2A,75720815fb.jpg,0.035386,0.031837,0.217841,0.577564,0.293867,0.768510
B2A,759dcb713c.jpg,0.037222,0.014804,0.204273,0.455730,0.171782,0.540070
B2A,761d963561.jpg,0.051309,0.057705,0.157462,0.380485,0.169709,0.722384
B2A,768c95d325.jpg,0.045090,0.038998,0.083867,0.232497,0.159848,0.764380
B2A,76916c1438.jpg,0.030508,0.014536,0.152504,0.515803,0.158652,0.486167
B2A,76b398536a.jpg,0.033480,0.026502,0.139014,0.414457,0.176466,0.747904
B2A,7727666e8d.jpg,0.041285,0.032142,0.119631,0.360543,0.192848,0.824434
B2A,7729898908.jpg,0.044462,0.046064,0.083128,0.413663,0.327339,0.685947
B2A,7801bb9581.jpg,0.093570,0.034844,0.301623,0.577104,0.135185,0.503090
B2A,781764cd26.jpg,0.043498,0.019475,0.214675,0.566099,0.112933,0.471808
B2A,78216eacbb.jpg,0.055614,0.038308,0.102011,0.257500,0.132302,0.827558
B2A,78233f97ed.jpg,0.047784,0.052598,0.098048,0.274921,0.137498,0.774198
B2A,7828416c2b.jpg,0.052198,0.038723,0.073063,0.338609,0.284092,0.875849
B2A,78969b7789.jpg,0.050575,0.039015,0.118415,0.354273,0.229869,0.683964
B2A,789c663ce2.jpg,0.148828,0.166202,0.107651,0.267696,0.160121,0.701368
B2A,789d474691.jpg,0.024886,0.035542,0.084298,0.353740,0.135398,0.730211
B2A,79109e8c61.jpg,0.038685,0.020159,0.210434,0.326994,0.132295,0.769946
B2A,79ab6fdc8e.jpg,0.038842,0.028095,0.061572,0.229210,0.208275,0.777210
B2A,79dc9b3fc8.jpg,0.046985,0.029737,0.153641,0.341617,0.162993,0.870905
B2A,7a06011cda.jpg,0.071101,0.073573,0.065958,0.224161,0.208440,0.847492
B2A,7a384aae43.jpg,0.043054,0.032978,0.117126,0.293601,0.214885,0.836410
B2A,7a41220ce3.jpg,0.059143,0.027350,0.071587,0.265653,0.116145,0.760300
B2A,7a4936b4d3.jpg,0.059360,0.032382,0.103545,0.268332,0.158798,0.766184
B2A,7a672fc939.jpg,0.030564,0.020488,0.120766,0.268212,0.120460,0.843202
B2A,7a67d01ecb.jpg,0.029680,0.017661,0.187402,0.310909,0.112066,0.730862
B2A,7b2c14d64c.jpg,0.030066,0.020813,0.138648,0.426298,0.106613,0.816229
B2A,7b42fe0738.jpg,0.030386,0.014948,0.125968,0.472140,0.109289,0.806312
B2A,7b563f3da5.jpg,0.042516,0.042453,0.106608,0.442355,0.195599,0.748975
B2A,7b8226f09f.jpg,0.043970,0.034526,0.236342,0.516037,0.170124,0.701098
B2A,7bb4e1593a.jpg,0.038719,0.014698,0.104330,0.324085,0.133465,0.635943
B2A,7c049eff70.jpg,0.073127,0.052548,0.194638,0.331981,0.256104,0.803884
B2A,7c156b004d.jpg,0.067887,0.039744,0.191127,0.459769,0.110786,0.707574
B2A,7c1fcdc180.jpg,0.050745,0.035840,0.112672,0.352012,0.207186,0.801635
B2A,7c25e34189.jpg,0.054985,0.049503,0.162377,0.314512,0.113963,0.689679
B2A,7c79a1e83e.jpg,0.052313,0.032346,0.186839,0.397530,0.189015,0.654330
B2A,7cdd5a8c97.jpg,0.024381,0.021719,0.171967,0.467608,0.157532,0.694093
B2A,7ce956f84e.jpg,0.029076,0.017774,0.114133,0.294218,0.122685,0.865012
B2A,7d33e5e3ac.jpg,0.040891,0.030264,0.102023,0.335699,0.116140,0.780370
B2A,7d940c442d.jpg,0.032187,0.020112,0.152134,0.365593,0.113066,0.846071
B2A,7da4680104.jpg,0.024023,0.010145,0.180196,0.338867,0.099490,0.741227
B2A,7e947e8473.jpg,0.028183,0.026282,0.081321,0.631502,0.190468,0.511735
B2A,7eb9a0d805.jpg,0.042629,0.044534,0.153609,0.497109,0.341996,0.748389
B2A,7f02d9fa8f.jpg,0.031665,0.018369,0.270710,0.562675,0.103129,0.594580
B2A,7f299427bb.jpg,0.046068,0.027372,0.168894,0.376029,0.129122,0.641445
B2A,7f324200d3.jpg,0.029653,0.021714,0.198203,0.533816,0.147154,0.707597
B2A,7f7f9dcc20.jpg,0.049877,0.038588,0.079728,0.190773,0.127675,0.877885
B2A,7fa2d1f946.jpg,0.044870,0.063560,0.162274,0.417558,0.194264,0.649389
B2A,7fb0f42377.jpg,0.042487,0.030963,0.220210,0.478497,0.176112,0.690515
B2A,7fb9eff147.jpg,0.064007,0.034877,0.099925,0.329399,0.193718,0.765171
B2A,7fe3df6004.jpg,0.043661,0.032505,0.072299,0.300262,0.228609,0.823064
B2A,805d252a48.jpg,0.044469,0.029598,0.106834,0.404814,0.163042,0.750384
B2A,80c662984e.jpg,0.078258,0.030447,0.116737,0.405100,0.254847,0.565562
B2A,8101ece7f2.jpg,0.049058,0.032225,0.137656,0.393265,0.160575,0.640352
B2A,8102f2aa02.jpg,0.033678,0.017070,0.105109,0.272998,0.129805,0.839497
B2A,811d974e6d.jpg,0.028786,0.019119,0.157902,0.439230,0.121480,0.796563
B2A,815ab85a6e.jpg,0.036646,0.026333,0.130655,0.384826,0.162737,0.671122
B2A,817699d6f7.jpg,0.038028,0.028352,0.165263,0.395028,0.165438,0.801600
B2A,8178110f5e.jpg,0.049063,0.024720,0.102840,0.310439,0.155343,0.754417
B2A,81a5890567.jpg,0.049154,0.042809,0.094566,0.324973,0.185536,0.624112
B2A,81ac7dcf8c.jpg,0.031105,0.019345,0.141804,0.320665,0.137171,0.717704
B2A,81acc80772.jpg,0.061023,0.058098,0.060956,0.336296,0.131459,0.703788
B2A,81c57f7151.jpg,0.029448,0.018872,0.195385,0.520013,0.209961,0.667562
B2A,824bed3f95.jpg,0.079464,0.065666,0.081265,0.220636,0.200841,0.872578
B2A,8277fe2e16.jpg,0.026488,0.016456,0.118091,0.369237,0.076186,0.722366
B2A,82b669c385.jpg,0.046629,0.031157,0.133201,0.326366,0.212335,0.723922
B2A,8304fdf299.jpg,0.022926,0.030692,0.164089,0.431766,0.104948,0.761299
B2A,8309cebb11.jpg,0.038011,0.025166,0.205077,0.378821,0.091964,0.834143
B2A,833684a09f.jpg,0.030829,0.019703,0.090973,0.353970,0.112433,0.836919
B2A,8369977ac5.jpg,0.049706,0.038636,0.107084,0.299913,0.127226,0.893156
B2A,839167629f.jpg,0.037442,0.022241,0.120232,0.351960,0.124595,0.706342
B2A,84356275c7.jpg,0.142183,0.077116,0.068913,0.302068,0.232432,0.814411
B2A,843b6f2a18.jpg,0.038289,0.024832,0.103978,0.414126,0.290613,0.855026
B2A,847da6b705.jpg,0.045183,0.021434,0.255004,0.522241,0.188877,0.575718
B2A,8480e5bae2.jpg,0.054951,0.039591,0.084970,0.348415,0.264348,0.780795
B2A,84cae20e39.jpg,0.049645,0.033794,0.128810,0.342724,0.141533,0.811509
B2A,84f1a78c0a.jpg,0.031028,0.024034,0.157052,0.438624,0.097136,0.653446
B2A,8576320b13.jpg,0.041185,0.024857,0.088896,0.314057,0.140700,0.783011
B2A,860986c993.jpg,0.044520,0.038767,0.081485,0.218581,0.135979,0.886826
B2A,866ca5455c.jpg,0.034937,0.020612,0.214868,0.538141,0.195504,0.658976
B2A,87016c0800.jpg,0.023186,0.015913,0.116106,0.373075,0.124654,0.575377
B2A,8738881ad2.jpg,0.030240,0.020068,0.114859,0.331392,0.162066,0.852536
B2A,875b07f673.jpg,0.042766,0.030047,0.129603,0.284524,0.142371,0.772459
B2A,8783576bd7.jpg,0.160470,0.139197,0.194968,0.273570,0.194721,0.819193
B2A,8833519aba.jpg,0.045207,0.023499,0.211431,0.456879,0.136595,0.606332
B2A,88ca143dc7.jpg,0.062084,0.044711,0.127229,0.408657,0.355017,0.788980
B2A,88d3d38aed.jpg,0.032883,0.024798,0.107024,0.298481,0.103484,0.584895
B2A,8914946e64.jpg,0.078316,0.058010,0.066569,0.352056,0.292840,0.818317
B2A,893f5b62a6.jpg,0.022933,0.011991,0.133598,0.414143,0.128143,0.654205
B2A,89deacf521.jpg,0.039117,0.032104,0.131472,0.520729,0.178308,0.728721
B2A,8a09c3fbff.jpg,0.036555,0.022884,0.110120,0.358707,0.133717,0.643760
B2A,8a935bef79.jpg,0.058579,0.044327,0.195236,0.462856,0.293081,0.757263
B2A,8b34d93323.jpg,0.030823,0.026273,0.182598,0.468297,0.123047,0.721804
B2A,8b6dd12ee0.jpg,0.042972,0.028523,0.171269,0.367045,0.150924,0.710006
B2A,8b8fc600dc.jpg,0.061554,0.062228,0.216451,0.515603,0.314358,0.602131
B2A,8bb6428221.jpg,0.030883,0.039361,0.102553,0.310874,0.120731,0.703834
B2A,8be3f02dae.jpg,0.032003,0.041133,0.110198,0.387834,0.157026,0.703579
B2A,8c03f9790e.jpg,0.066523,0.076327,0.098712,0.547068,0.159033,0.659939
B2A,8c59a24ec4.jpg,0.041230,0.032808,0.125679,0.289392,0.137842,0.660061
B2A,8c97b5d5f3.jpg,0.039364,0.024558,0.139756,0.443661,0.196975,0.738854
B2A,8cc036746a.jpg,0.038328,0.038796,0.056606,0.248743,0.149159,0.866010
B2A,8d511d593a.jpg,0.115992,0.119074,0.058836,0.405004,0.220161,0.723927
B2A,8e27cd8afb.jpg,0.044643,0.026945,0.210672,0.303854,0.172381,0.696301
B2A,8eabde45df.jpg,0.062777,0.070381,0.209767,0.423254,0.244530,0.776991
B2A,8edfe6d708.jpg,0.090002,0.059226,0.099313,0.415963,0.227576,0.779465
B2A,8f78274408.jpg,0.034915,0.022008,0.112845,0.356062,0.156212,0.639845
B2A,8f7bb4da8c.jpg,0.044748,0.035156,0.197465,0.452303,0.244777,0.817223
B2A,90268e092b.jpg,0.044472,0.027638,0.080626,0.289786,0.159056,0.740163
B2A,90bdbd6631.jpg,0.040260,0.085217,0.109701,0.559517,0.194576,0.537099
B2A,912f7c8917.jpg,0.053948,0.054377,0.136749,0.293416,0.226065,0.893052
B2A,915666f75a.jpg,0.028281,0.019008,0.135406,0.397558,0.170752,0.758686
B2A,916caf5698.jpg,0.030680,0.022203,0.207187,0.439907,0.151646,0.804916
B2A,91847ec212.jpg,0.023346,0.021510,0.198983,0.600991,0.077097,0.632821
B2A,91c0fb330a.jpg,0.057031,0.049316,0.113724,0.258399,0.196251,0.784129
B2A,91c4ec2938.jpg,0.047374,0.030005,0.133845,0.272010,0.204666,0.702055
B2A,91cdf3c9ec.jpg,0.048371,0.032774,0.094040,0.332885,0.282837,0.754692
B2A,924309267b.jpg,0.035765,0.023252,0.142570,0.358488,0.165948,0.782529
B2A,926fabe094.jpg,0.034219,0.016619,0.195576,0.482367,0.173885,0.715203
B2A,938d0ba34c.jpg,0.032708,0.017668,0.252721,0.540775,0.163476,0.676702
B2A,939f31a928.jpg,0.023836,0.014755,0.170941,0.477468,0.103740,0.613721
B2A,93d77f649a.jpg,0.074609,0.071976,0.087453,0.422702,0.379155,0.857193
B2A,94224752b4.jpg,0.056005,0.040402,0.112179,0.352967,0.261994,0.792434
B2A,9427fc76b9.jpg,0.037574,0.030576,0.106573,0.342225,0.201743,0.708037
B2A,94502f184f.jpg,0.038497,0.025657,0.190419,0.402358,0.156834,0.802270
B2A,94cf38462b.jpg,0.058179,0.028214,0.095677,0.380409,0.126016,0.658002
B2A,9593d730f2.jpg,0.023107,0.016815,0.059829,0.316840,0.115249,0.743722
B2A,962d0ff537.jpg,0.031695,0.032276,0.202096,0.490088,0.147101,0.792194
B2A,963134b323.jpg,0.053510,0.040854,0.079577,0.257807,0.211101,0.847610
B2A,96b9ee7ec4.jpg,0.038757,0.026021,0.131352,0.334504,0.180923,0.750421
B2A,96cb35f032.jpg,0.078823,0.059929,0.187455,0.441166,0.128816,0.635174
B2A,96da1fc826.jpg,0.030365,0.029586,0.231980,0.490281,0.129329,0.545222
B2A,970d8c0b4c.jpg,0.031479,0.026968,0.138602,0.392028,0.127308,0.673112
B2A,977bff16d4.jpg,0.058247,0.037892,0.154956,0.439462,0.197385,0.586893
B2A,978424d552.jpg,0.085617,0.070085,0.098150,0.241086,0.163161,0.553787
B2A,97a87bca91.jpg,0.034050,0.023795,0.169498,0.333676,0.124122,0.664424
B2A,97d4460077.jpg,0.035036,0.022094,0.151534,0.407748,0.115878,0.724033
B2A,97d76023a7.jpg,0.045735,0.034127,0.128840,0.410017,0.182745,0.623851
B2A,98426ffd66.jpg,0.060156,0.051642,0.228823,0.380635,0.134525,0.810698
B2A,98c28eedfa.jpg,0.054033,0.049067,0.139738,0.383551,0.231868,0.784234
B2A,98d335025e.jpg,0.070534,0.042578,0.121657,0.432769,0.224828,0.696661
B2A,99045d3f04.jpg,0.040938,0.020450,0.165109,0.299668,0.118345,0.780708
B2A,9906756ae6.jpg,0.041911,0.032625,0.189676,0.374499,0.192449,0.725093
B2A,99a109ea2b.jpg,0.026178,0.011833,0.233558,0.560993,0.265994,0.751645
B2A,99c0ccba50.jpg,0.033135,0.021276,0.205818,0.404146,0.166218,0.711383
B2A,99cbbc5052.jpg,0.036918,0.027587,0.185320,0.555315,0.164579,0.733310
B2A,99ed3dc7b2.jpg,0.057910,0.032648,0.306600,0.537353,0.202064,0.704071
B2A,99fc1c27b2.jpg,0.075620,0.036800,0.237767,0.543665,0.177173,0.568737
B2A,9a2b9dec3a.jpg,0.035383,0.024354,0.230575,0.570032,0.197892,0.650222
B2A,9ab17ed33a.jpg,0.037219,0.022054,0.122912,0.293839,0.120414,0.880450
B2A,9adf6d52d3.jpg,0.061908,0.044264,0.127237,0.262287,0.185487,0.843696
B2A,9b513c7a1c.jpg,0.111846,0.086903,0.200462,0.280770,0.161102,0.741735
B2A,9b5e41ac82.jpg,0.040666,0.031936,0.170504,0.363226,0.165952,0.905694
B2A,9b85a6c570.jpg,0.041673,0.038603,0.126096,0.332050,0.192447,0.688558
B2A,9b9cdde1ce.jpg,0.055800,0.038959,0.128278,0.416392,0.187521,0.565217
B2A,9bf556f160.jpg,0.064513,0.053244,0.142076,0.463171,0.462489,0.789563
B2A,9ca436a170.jpg,0.042240,0.027571,0.127137,0.306256,0.202139,0.813410
B2A,9ccca8eac7.jpg,0.045740,0.027927,0.149448,0.322820,0.175737,0.726665
B2A,9d6df08287.jpg,0.027751,0.016921,0.143701,0.416573,0.178671,0.753000
B2A,9dc4a07f48.jpg,0.050413,0.054483,0.098766,0.311047,0.145582,0.590600
B2A,9dc4a40f1a.jpg,0.031867,0.020441,0.171649,0.432371,0.167009,0.700688
B2A,9e1842231b.jpg,0.030507,0.015284,0.130998,0.425287,0.238669,0.780415
B2A,9e664ae2ef.jpg,0.038678,0.022346,0.125024,0.321147,0.142820,0.743068
B2A,9f24f894f6.jpg,0.042166,0.026399,0.117680,0.376332,0.179519,0.558867
B2A,9f29c11732.jpg,0.024109,0.013055,0.186447,0.401128,0.135151,0.789737
B2A,9f777a3144.jpg,0.063592,0.049608,0.092825,0.407878,0.288203,0.867904
B2A,9fe12f7bca.jpg,0.049637,0.040529,0.135544,0.464940,0.202192,0.806883
B2A,a05e1485c1.jpg,0.021637,0.018421,0.134937,0.340850,0.084136,0.605765
B2A,a0d15eb976.jpg,0.028498,0.028108,0.116964,0.332246,0.178103,0.605257
B2A,a0f0dee611.jpg,0.038154,0.029167,0.089519,0.293217,0.108230,0.836638
B2A,a1126aa060.jpg,0.070312,0.047053,0.113581,0.330264,0.166728,0.789417
B2A,a12235c7d1.jpg,0.109056,0.087968,0.092721,0.293462,0.323076,0.754608
B2A,a146cdb74b.jpg,0.031230,0.027829,0.069222,0.294752,0.123780,0.679042
B2A,a17e7e49b0.jpg,0.054840,0.029651,0.111340,0.425634,0.113937,0.703433
B2A,a18cb10e08.jpg,0.044932,0.028509,0.128262,0.415845,0.142345,0.713829
B2A,a197fed5c3.jpg,0.076547,0.049216,0.133542,0.381039,0.190227,0.648708
B2A,a26b0f2735.jpg,0.048034,0.026466,0.188206,0.305804,0.125737,0.842720
B2A,a283654df3.jpg,0.024097,0.025613,0.161554,0.361139,0.126236,0.751349
B2A,a290773de7.jpg,0.033385,0.021615,0.144580,0.345525,0.139982,0.889809
B2A,a2bc2b83eb.jpg,0.035575,0.024930,0.148294,0.363554,0.112313,0.684519
B2A,a301643a27.jpg,0.023247,0.044562,0.063012,0.301646,0.073895,0.803769
B2A,a359bc69a6.jpg,0.071357,0.059612,0.106688,0.355504,0.380348,0.816622
B2A,a45c5b6869.jpg,0.041547,0.042534,0.232711,0.295709,0.151826,0.827011
B2A,a48886307d.jpg,0.024515,0.018905,0.155304,0.382509,0.111415,0.773800
B2A,a4a867e38f.jpg,0.026170,0.030053,0.238673,0.465680,0.175920,0.828000
B2A,a51b62995b.jpg,0.043537,0.032024,0.098376,0.298047,0.169280,0.702321
B2A,a588de330c.jpg,0.071577,0.025440,0.187508,0.557400,0.208678,0.580192
B2A,a590f768fe.jpg,0.029713,0.017651,0.146207,0.391977,0.164397,0.756851
B2A,a5bc67adcd.jpg,0.050293,0.038353,0.151180,0.289639,0.176704,0.785310
B2A,a5d272747e.jpg,0.039149,0.033758,0.128967,0.412786,0.210662,0.683731
B2A,a61beb8d14.jpg,0.037849,0.035433,0.075959,0.353127,0.147723,0.632389
B2A,a62e7a5101.jpg,0.037902,0.026664,0.078536,0.286450,0.205041,0.874183
B2A,a632e5523e.jpg,0.032375,0.018274,0.189280,0.376155,0.149313,0.748233
B2A,a6838bdf94.jpg,0.048173,0.038822,0.112940,0.349441,0.216115,0.830505
B2A,a694999074.jpg,0.057088,0.067232,0.368637,0.688207,0.194002,0.563043
B2A,a6c9c35a31.jpg,0.035167,0.021663,0.121046,0.384559,0.132866,0.734432
B2A,a70ea207cc.jpg,0.041019,0.022344,0.233561,0.421247,0.166577,0.733600
B2A,a75469e52f.jpg,0.033503,0.022861,0.084548,0.250188,0.130680,0.847861
B2A,a7976448c0.jpg,0.031548,0.019082,0.180552,0.381552,0.142989,0.760321
B2A,a8d61b91a4.jpg,0.040382,0.033550,0.160297,0.422533,0.119145,0.792915
B2A,a908f29569.jpg,0.195445,0.139110,0.097659,0.386789,0.305462,0.881573
B2A,a92d0cde38.jpg,0.029676,0.019816,0.142538,0.299272,0.119631,0.797705
B2A,a93e11ed37.jpg,0.067657,0.040071,0.143730,0.272915,0.187279,0.801579
B2A,a9460f4e16.jpg,0.040292,0.026949,0.170714,0.364535,0.166525,0.767867
B2A,aa108bb6da.jpg,0.037289,0.027206,0.124299,0.309832,0.158768,0.856680
B2A,aa3f9768ff.jpg,0.032123,0.020639,0.131053,0.333666,0.109597,0.708691
B2A,aaeb9e1228.jpg,0.051605,0.017867,0.162860,0.470522,0.169435,0.740410
B2A,ab04be8f33.jpg,0.053584,0.030446,0.189813,0.471513,0.171132,0.604447
B2A,ab3576b164.jpg,0.049100,0.054429,0.093740,0.348107,0.134030,0.876381
B2A,abb7c92cd2.jpg,0.042293,0.031300,0.175991,0.395693,0.149873,0.746211
B2A,abc2244ad0.jpg,0.062981,0.046814,0.116378,0.394484,0.283489,0.810214
B2A,abc76b33c5.jpg,0.035782,0.037028,0.213400,0.550119,0.140070,0.660600
B2A,ac91124a63.jpg,0.053441,0.029284,0.220448,0.484854,0.189473,0.674855
B2A,aca32eb466.jpg,0.057107,0.041399,0.128580,0.270592,0.169950,0.809706
B2A,acc787b868.jpg,0.031674,0.024064,0.182510,0.387358,0.149698,0.788470
B2A,ad08c8c439.jpg,0.039072,0.030733,0.159529,0.267857,0.144768,0.818986
B2A,ad5385ebb1.jpg,0.050915,0.025486,0.170410,0.474726,0.188296,0.672889
B2A,ae1ee21b01.jpg,0.048695,0.034954,0.108220,0.415752,0.265016,0.721483
B2A,ae2c1ea2d6.jpg,0.101007,0.054464,0.052888,0.314149,0.164740,0.794124
B2A,ae48a41403.jpg,0.039910,0.031641,0.093209,0.396542,0.235934,0.745056
B2A,ae97673634.jpg,0.062191,0.051957,0.321826,0.591960,0.155509,0.584506
B2A,af899de250.jpg,0.036555,0.012344,0.247604,0.517721,0.146242,0.604763
B2A,af98779f2f.jpg,0.033132,0.022051,0.087276,0.324034,0.163566,0.838667
B2A,af9f206c68.jpg,0.039294,0.033485,0.223896,0.512373,0.160105,0.709721
B2A,afa167a1a5.jpg,0.037908,0.030908,0.083112,0.171033,0.126925,0.858239
B2A,afa1a71c3d.jpg,0.064236,0.074553,0.096834,0.511668,0.177840,0.700204
B2A,afb5f05573.jpg,0.042627,0.030036,0.105527,0.334350,0.205614,0.733563
B2A,afee15fa99.jpg,0.068808,0.063425,0.331779,0.486789,0.143077,0.656706
B2A,b0238fb4d6.jpg,0.048226,0.023698,0.205750,0.393141,0.163531,0.674547
B2A,b028f604ed.jpg,0.038343,0.024628,0.142864,0.325812,0.214854,0.790229
B2A,b07a462689.jpg,0.048038,0.031243,0.116150,0.360701,0.203889,0.589316
B2A,b0a4fcb39d.jpg,0.057713,0.043664,0.103403,0.313889,0.278626,0.915346
B2A,b18beb6d72.jpg,0.040300,0.020304,0.209189,0.460384,0.167260,0.699497
B2A,b23933adf6.jpg,0.048891,0.043895,0.233619,0.587623,0.223531,0.672759
B2A,b242ae6db1.jpg,0.063402,0.048924,0.104274,0.426421,0.170991,0.778026
B2A,b27811638c.jpg,0.049503,0.049677,0.125167,0.328165,0.124255,0.845605
B2A,b29034b730.jpg,0.058960,0.053053,0.092467,0.399552,0.121374,0.791188
B2A,b2a9652a6f.jpg,0.039871,0.028353,0.226915,0.519455,0.181483,0.733906
B2A,b2abb2ae39.jpg,0.032573,0.024160,0.129547,0.417738,0.162902,0.728498
B2A,b2cb0fe346.jpg,0.035757,0.022838,0.146225,0.286473,0.138029,0.814472
B2A,b30876c470.jpg,0.032097,0.019519,0.262501,0.537458,0.126015,0.713949
B2A,b398a41374.jpg,0.042870,0.028524,0.157578,0.278765,0.157919,0.838908
B2A,b3c28798bd.jpg,0.038767,0.027820,0.063073,0.264161,0.171635,0.785315
B2A,b3cc0df141.jpg,0.045683,0.032611,0.130710,0.274962,0.223776,0.831027
B2A,b3e9f5d03a.jpg,0.026611,0.014287,0.180586,0.486985,0.127259,0.673952
B2A,b43d7dcae4.jpg,0.028977,0.024333,0.097916,0.416749,0.160589,0.782594
B2A,b463392033.jpg,0.041657,0.023787,0.173368,0.517274,0.175112,0.663907
B2A,b4cc9f5870.jpg,0.040325,0.018523,0.111540,0.282115,0.120606,0.721873
B2A,b54c9ff9f0.jpg,0.102901,0.109519,0.114369,0.425342,0.330033,0.497578
B2A,b553a553a4.jpg,0.032486,0.025604,0.072942,0.249793,0.118916,0.828121
B2A,b5d90eb11d.jpg,0.042088,0.035813,0.092681,0.245852,0.102226,0.535017
B2A,b612a7c29e.jpg,0.045229,0.036145,0.093566,0.337283,0.244005,0.878189
B2A,b66f508c68.jpg,0.070165,0.034262,0.134210,0.427420,0.191098,0.444415
B2A,b69fe86234.jpg,0.033703,0.017535,0.174558,0.389929,0.095491,0.640667
B2A,b6ebb5febd.jpg,0.034415,0.022591,0.148013,0.331728,0.150026,0.738173
B2A,b734350f7a.jpg,0.058481,0.039759,0.146788,0.476006,0.228947,0.717577
B2A,b743015621.jpg,0.038753,0.018726,0.193828,0.397304,0.138805,0.720430
B2A,b76253bc63.jpg,0.036124,0.023441,0.106632,0.265705,0.152068,0.851184
B2A,b7634902cd.jpg,0.019822,0.012201,0.123885,0.428547,0.134694,0.760018
B2A,b7f7aaeb71.jpg,0.026928,0.014319,0.094021,0.345104,0.135030,0.664070
B2A,b804d8ffff.jpg,0.035253,0.025657,0.156166,0.388627,0.166381,0.763266
B2A,b81a0b8027.jpg,0.031632,0.024488,0.101145,0.301032,0.195308,0.928393
B2A,b8800075ea.jpg,0.054088,0.043492,0.091709,0.300504,0.270563,0.866836
B2A,b8846a57ce.jpg,0.025310,0.017601,0.211099,0.556007,0.158538,0.511637
B2A,b88fa19b4b.jpg,0.027285,0.021296,0.080884,0.315210,0.133401,0.646612
B2A,b88fd25d37.jpg,0.034550,0.022065,0.166709,0.478628,0.190774,0.658011
B2A,b892e182db.jpg,0.028921,0.013883,0.116668,0.258633,0.122476,0.875131
B2A,b893e3aa24.jpg,0.058812,0.044103,0.098859,0.404608,0.141755,0.761808
B2A,b99824d883.jpg,0.024669,0.020665,0.091420,0.224059,0.072726,0.688532
B2A,b9a991202d.jpg,0.055230,0.037402,0.097076,0.325261,0.196379,0.851223
B2A,b9bc2a225e.jpg,0.030527,0.032459,0.271232,0.496566,0.136628,0.749915
B2A,b9de8e1e60.jpg,0.032878,0.023150,0.143520,0.319920,0.139700,0.804838
B2A,b9eb4c4e23.jpg,0.054637,0.044252,0.133616,0.337026,0.199936,0.832972
B2A,ba57ad5d60.jpg,0.025153,0.014417,0.140834,0.371128,0.103246,0.849926
B2A,baa60c9bed.jpg,0.029997,0.018850,0.080617,0.197032,0.132348,0.854668
B2A,bad95e0688.jpg,0.030532,0.019781,0.182726,0.437711,0.162008,0.829838
B2A,bafb1adc1f.jpg,0.064678,0.024854,0.121095,0.379193,0.129363,0.713463
B2A,bb313a5e16.jpg,0.036113,0.031841,0.181551,0.536898,0.175086,0.598693
B2A,bbaff218f3.jpg,0.040920,0.012995,0.139759,0.408368,0.171898,0.827415
B2A,bbe716a5ba.jpg,0.130341,0.080300,0.167491,0.603206,0.389494,0.613553
B2A,bc1296f186.jpg,0.033526,0.038557,0.211910,0.506175,0.142747,0.607674
B2A,bc1fa09301.jpg,0.047011,0.034873,0.153985,0.417883,0.129799,0.669284
B2A,bc57ed5fda.jpg,0.032173,0.020745,0.137300,0.283213,0.125115,0.758949
B2A,bcf3af118c.jpg,0.055797,0.030222,0.128978,0.398104,0.208315,0.615939
B2A,bd4ff109f0.jpg,0.053021,0.040819,0.134480,0.287727,0.289126,0.927760
B2A,bd6550715b.jpg,0.043692,0.031435,0.124178,0.411599,0.164138,0.869960
B2A,bed803c046.jpg,0.024936,0.009904,0.183813,0.473050,0.091192,0.831303
B2A,bedb0b8e17.jpg,0.050711,0.042724,0.102389,0.341046,0.115045,0.687606
B2A,c0511e5414.jpg,0.036911,0.020132,0.180539,0.387085,0.173222,0.645536
B2A,c0b977acfb.jpg,0.033773,0.031824,0.138101,0.328729,0.129319,0.665869
B2A,c0e7dfa5ed.jpg,0.037903,0.024310,0.241775,0.408843,0.120224,0.692134
B2A,c1114abb60.jpg,0.066816,0.050858,0.115358,0.350964,0.294901,0.775948
B2A,c12e14b962.jpg,0.035980,0.032725,0.145612,0.447639,0.190294,0.615532
B2A,c190aa34f8.jpg,0.066465,0.062672,0.137186,0.448198,0.346769,0.917697
B2A,c1f932fee3.jpg,0.045008,0.031151,0.146651,0.388806,0.226774,0.831345
B2A,c2d01b1977.jpg,0.036003,0.029827,0.229235,0.405003,0.076048,0.711891
B2A,c31cad8dc1.jpg,0.060978,0.046915,0.166495,0.324555,0.200904,0.798748
B2A,c4ced9cad1.jpg,0.036106,0.026632,0.092093,0.238258,0.151421,0.896798
B2A,c4d6a7c8a9.jpg,0.033401,0.017005,0.187089,0.370321,0.122793,0.780625
B2A,c570a774e2.jpg,0.064054,0.056963,0.143245,0.341886,0.189637,0.697716
B2A,c5e14d505f.jpg,0.043761,0.024955,0.210086,0.368327,0.100884,0.838203
B2A,c5f84dbc49.jpg,0.043003,0.018442,0.093411,0.155673,0.112091,0.862391
B2A,c6145ae196.jpg,0.090922,0.074402,0.297760,0.496749,0.211969,0.581314
B2A,c72720ffb0.jpg,0.049512,0.020485,0.098565,0.377417,0.080719,0.572370
B2A,c7380a0fa2.jpg,0.033068,0.018729,0.135884,0.405978,0.146136,0.706200
B2A,c7d0dc1d10.jpg,0.045802,0.032059,0.226266,0.557536,0.209525,0.535246
B2A,c840700a72.jpg,0.033577,0.029017,0.072817,0.245166,0.133574,0.789814
B2A,c86a62e6d2.jpg,0.029302,0.025111,0.106828,0.244318,0.133790,0.863508
B2A,c88254adbe.jpg,0.026206,0.016444,0.157224,0.345025,0.120992,0.687481
B2A,c89c107b5b.jpg,0.039542,0.026489,0.129658,0.264159,0.141505,0.788594
B2A,c8baedacff.jpg,0.051308,0.038227,0.093166,0.409610,0.221708,0.704259
B2A,c8bd9caef0.jpg,0.043942,0.031170,0.093858,0.376916,0.273989,0.684959
B2A,c8ed12953b.jpg,0.042412,0.031254,0.224490,0.405199,0.146081,0.683601
B2A,c91473f497.jpg,0.035482,0.032575,0.069125,0.291812,0.171661,0.680533
B2A,c9377ac739.jpg,0.052340,0.030447,0.191578,0.311745,0.104172,0.838571
B2A,c943d77639.jpg,0.056379,0.041821,0.155356,0.320786,0.219021,0.785277
B2A,c950a3f6af.jpg,0.063486,0.043007,0.168106,0.414725,0.266407,0.593217
B2A,c963de7b44.jpg,0.032467,0.025992,0.047632,0.262462,0.136456,0.800173
B2A,c965459a49.jpg,0.050623,0.035512,0.085718,0.414446,0.283480,0.769622
B2A,ca048034a1.jpg,0.040180,0.054698,0.176720,0.591494,0.169149,0.557379
B2A,ca1c1e0ab4.jpg,0.020971,0.015838,0.168466,0.466021,0.185487,0.726076
B2A,ca2d56ade5.jpg,0.036050,0.021428,0.101063,0.317446,0.152780,0.793140
B2A,ca350be337.jpg,0.042232,0.030034,0.158622,0.381902,0.135784,0.672134
B2A,ca4a5b1d15.jpg,0.066536,0.042293,0.103592,0.401213,0.287166,0.813996
B2A,ca7ef68a39.jpg,0.027482,0.020387,0.101341,0.249705,0.110133,0.816881
B2A,cb09a699d1.jpg,0.042748,0.028408,0.138512,0.376174,0.172274,0.807401
B2A,cb0fc9a127.jpg,0.051424,0.033873,0.243745,0.611714,0.187234,0.695425
B2A,cb845e6db5.jpg,0.052736,0.042051,0.124131,0.321124,0.156414,0.804368
B2A,cc0a0dab48.jpg,0.040276,0.018231,0.200113,0.482514,0.193338,0.699472
B2A,cc5078a63b.jpg,0.027486,0.013474,0.258226,0.578714,0.148215,0.669617
B2A,cce7dc8ab2.jpg,0.059185,0.031330,0.122226,0.286233,0.117050,0.815207
B2A,cd06750eef.jpg,0.040140,0.045225,0.087146,0.211328,0.100495,0.860735
B2A,cd5e26b488.jpg,0.040943,0.022792,0.118213,0.341426,0.174337,0.878885
B2A,cd8869c459.jpg,0.051975,0.026593,0.112097,0.309113,0.137549,0.737889
B2A,cd9d87bc3d.jpg,0.040304,0.020939,0.193434,0.390113,0.164827,0.653778
B2A,cf137a4d6f.jpg,0.085771,0.064679,0.149679,0.366171,0.141839,0.755020
B2A,cf1d695996.jpg,0.041264,0.024345,0.125224,0.334703,0.149524,0.811673
B2A,cf36c56c38.jpg,0.034572,0.037253,0.299694,0.521454,0.208000,0.684450
B2A,cf6530e446.jpg,0.054166,0.022415,0.188128,0.509027,0.180145,0.769517
B2A,d01c505d6c.jpg,0.043431,0.019954,0.203317,0.444551,0.160141,0.749244
B2A,d01ee012a8.jpg,0.047611,0.030318,0.189317,0.325901,0.169057,0.722478
B2A,d09ad65e9a.jpg,0.058146,0.039339,0.247341,0.566848,0.164107,0.580980
B2A,d14363b745.jpg,0.056405,0.040600,0.171258,0.386372,0.311381,0.782656
B2A,d161e72471.jpg,0.031753,0.019118,0.156718,0.270711,0.133996,0.792718
B2A,d169a63b7f.jpg,0.079599,0.105685,0.137638,0.281979,0.272686,0.843667
B2A,d188b93438.jpg,0.060711,0.033648,0.212349,0.387619,0.176991,0.820011
B2A,d1e6fbffd7.jpg,0.039360,0.035403,0.110422,0.400246,0.283343,0.822033
B2A,d225c560e6.jpg,0.040581,0.036084,0.160252,0.287153,0.124739,0.869805
B2A,d246393b8c.jpg,0.031244,0.018981,0.162506,0.486301,0.131593,0.633503
B2A,d279169f0b.jpg,0.031813,0.016877,0.180804,0.409038,0.153485,0.813841
B2A,d2d4d23be2.jpg,0.048744,0.039590,0.107109,0.395568,0.325955,0.808307
B2A,d32ed2129f.jpg,0.035720,0.023342,0.066180,0.230070,0.156947,0.813155
B2A,d3394edae8.jpg,0.059608,0.048674,0.144885,0.268117,0.177784,0.857864
B2A,d39869db76.jpg,0.031917,0.018029,0.101029,0.272408,0.089565,0.881703
B2A,d4e9f0b0ce.jpg,0.050995,0.033064,0.057353,0.213440,0.080856,0.872119
B2A,d4f9dfa248.jpg,0.033607,0.022943,0.083036,0.172972,0.146881,0.840423
B2A,d5c5f591ab.jpg,0.050175,0.037149,0.199674,0.493257,0.203052,0.706828
B2A,d5f266c340.jpg,0.026533,0.025837,0.308190,0.657454,0.236870,0.565406
B2A,d5f3633c07.jpg,0.051661,0.034358,0.122436,0.388519,0.219459,0.819896
B2A,d604fa140f.jpg,0.040529,0.013771,0.195513,0.614278,0.199111,0.610346
B2A,d62e9d07dd.jpg,0.026067,0.016621,0.156765,0.501939,0.113359,0.737746
B2A,d62eeaccb0.jpg,0.042385,0.032767,0.076206,0.331073,0.246372,0.855100
B2A,d63d194a4d.jpg,0.039539,0.016945,0.178441,0.525451,0.171242,0.585787
B2A,d6711262bf.jpg,0.042820,0.032565,0.122076,0.261648,0.121429,0.901223
B2A,d6b0733797.jpg,0.047307,0.030691,0.138133,0.316832,0.205309,0.845727
B2A,d6da10b7f5.jpg,0.042055,0.029133,0.137693,0.356453,0.193314,0.712833
B2A,d7a476f83c.jpg,0.015597,0.010777,0.214450,0.375872,0.111966,0.751316
B2A,d829b461da.jpg,0.056776,0.041708,0.105264,0.246073,0.185743,0.845136
B2A,d83783faee.jpg,0.054094,0.038030,0.108876,0.279423,0.199168,0.826665
B2A,d83b284745.jpg,0.045097,0.036798,0.098075,0.269971,0.145904,0.802493
B2A,d86bcf2cb1.jpg,0.031041,0.017893,0.194830,0.443017,0.133140,0.719688
B2A,d871a0f7d6.jpg,0.034336,0.013611,0.159611,0.354316,0.123832,0.721193
B2A,d8a5d84b9c.jpg,0.028936,0.024515,0.082374,0.387504,0.143292,0.749670
B2A,d8fbe8e68c.jpg,0.044465,0.031055,0.141424,0.358749,0.105825,0.832563
B2A,d9081260de.jpg,0.039849,0.017993,0.164024,0.454775,0.145820,0.799304
B2A,d91c9eba83.jpg,0.097521,0.082671,0.066189,0.451807,0.407908,0.894373
B2A,d961320e9a.jpg,0.078558,0.046335,0.154990,0.415220,0.171091,0.767015
B2A,d9673840a1.jpg,0.047104,0.048716,0.191800,0.552519,0.154727,0.638281
B2A,d993fbb271.jpg,0.033873,0.028966,0.038916,0.106437,0.207342,0.920808
B2A,da02be50b3.jpg,0.037357,0.028313,0.097309,0.299348,0.090095,0.741486
B2A,dabaad16e8.jpg,0.087984,0.022753,0.202236,0.586686,0.226444,0.405543
B2A,db70823e2b.jpg,0.047789,0.032815,0.150202,0.456360,0.253399,0.675760
B2A,db9cfcd293.jpg,0.026034,0.015022,0.178074,0.407660,0.129666,0.790752
B2A,dbba4e41d0.jpg,0.033019,0.018398,0.130430,0.362840,0.150186,0.769643
B2A,dbbed3a8c7.jpg,0.049885,0.025618,0.136622,0.437889,0.170655,0.765748
B2A,dbc0d26415.jpg,0.046906,0.032227,0.105030,0.365015,0.223546,0.789571
B2A,dc9943d9eb.jpg,0.084467,0.086812,0.135641,0.621661,0.153234,0.606276
B2A,dd2a4f5af6.jpg,0.053625,0.022039,0.127830,0.221850,0.097323,0.853294
B2A,dd80a0ae1c.jpg,0.034451,0.024380,0.158303,0.360623,0.212857,0.819515
B2A,dd8cf7b53e.jpg,0.030468,0.019621,0.098779,0.364131,0.157792,0.795329
B2A,ddb1124c29.jpg,0.042927,0.029677,0.100957,0.251949,0.145027,0.854061
B2A,ddb17e566c.jpg,0.034837,0.021254,0.178467,0.384929,0.140023,0.731165
B2A,ddc08a0803.jpg,0.033655,0.025201,0.198615,0.354351,0.178827,0.852129
B2A,ddc5ea8270.jpg,0.094876,0.072863,0.088162,0.342340,0.255763,0.697725
B2A,de241d55fc.jpg,0.045212,0.032381,0.143620,0.286521,0.182092,0.928627
B2A,de2f9d1599.jpg,0.040298,0.027534,0.122839,0.276318,0.138976,0.726522
B2A,de34c78357.jpg,0.062205,0.039918,0.148740,0.479420,0.277999,0.696882
B2A,de4f73e2e6.jpg,0.022322,0.014957,0.126088,0.422716,0.098378,0.664254
B2A,de6bf0cb04.jpg,0.050584,0.053094,0.114147,0.465008,0.191309,0.699717
B2A,deafff753c.jpg,0.057515,0.026091,0.140359,0.468663,0.186052,0.676464
B2A,df21dd363b.jpg,0.026302,0.021033,0.171451,0.330242,0.154733,0.813188
B2A,df34b6c0e8.jpg,0.052076,0.036511,0.076495,0.373490,0.212052,0.718082
B2A,df4975e8bf.jpg,0.038472,0.026651,0.121127,0.218791,0.118423,0.910455
B2A,df7438a2d8.jpg,0.111353,0.072479,0.252944,0.424216,0.167111,0.662633
B2A,dfdb05692f.jpg,0.046908,0.028589,0.113934,0.324555,0.196303,0.754311
B2A,dfedfba018.jpg,0.028540,0.019054,0.145247,0.300586,0.107812,0.825231
B2A,dfee298b96.jpg,0.035403,0.027373,0.238830,0.583306,0.211796,0.656114
B2A,e01fe394d8.jpg,0.046226,0.038392,0.053719,0.259467,0.238568,0.857131
B2A,e068928755.jpg,0.037287,0.043165,0.116139,0.377049,0.145024,0.784269
B2A,e0c949a987.jpg,0.038385,0.027744,0.195588,0.406404,0.154280,0.825314
B2A,e0f0dc2983.jpg,0.039826,0.026399,0.234582,0.547808,0.129042,0.613173
B2A,e1107c721b.jpg,0.019946,0.021501,0.141213,0.483595,0.183162,0.723101
B2A,e180ce65fe.jpg,0.074726,0.063926,0.088869,0.500563,0.493893,0.859409
B2A,e1f044dff1.jpg,0.049340,0.059962,0.200790,0.653343,0.158773,0.550188
B2A,e2050f818f.jpg,0.030001,0.016792,0.106831,0.362484,0.149400,0.808739
B2A,e20f79f596.jpg,0.041551,0.022719,0.156362,0.455544,0.194704,0.701855
B2A,e22fbe22ff.jpg,0.035954,0.020885,0.162505,0.397353,0.143205,0.653133
B2A,e25a309e7f.jpg,0.051883,0.035232,0.094645,0.523304,0.222905,0.598102
B2A,e29923569e.jpg,0.038220,0.027624,0.074856,0.265026,0.161089,0.876838
B2A,e2cc5d0740.jpg,0.050862,0.025808,0.124966,0.322679,0.151517,0.736141
B2A,e2ec96f0b4.jpg,0.034020,0.024515,0.164178,0.390353,0.173740,0.701108
B2A,e3148aa017.jpg,0.047230,0.042991,0.059406,0.260580,0.170950,0.864041
B2A,e39562f090.jpg,0.041872,0.033507,0.108796,0.455720,0.200417,0.758968
B2A,e3fe190c35.jpg,0.055247,0.038263,0.120502,0.398286,0.242703,0.648584
B2A,e40ba425ad.jpg,0.041843,0.020012,0.179042,0.382446,0.132114,0.863843
B2A,e41de69603.jpg,0.065597,0.045386,0.132091,0.388292,0.197712,0.774530
B2A,e4b6e49888.jpg,0.073303,0.047981,0.138545,0.197888,0.133777,0.852849
B2A,e4c47323cb.jpg,0.045738,0.037113,0.087083,0.480612,0.177552,0.700390
B2A,e552c9356b.jpg,0.056442,0.032578,0.111049,0.395601,0.177462,0.634721
B2A,e5cb608eae.jpg,0.033350,0.026488,0.113695,0.394464,0.144984,0.602864
B2A,e6836aa6da.jpg,0.034402,0.032550,0.198648,0.402568,0.114595,0.711487
B2A,e686121a13.jpg,0.062668,0.052594,0.111980,0.352235,0.266524,0.799800
B2A,e7c3ac222b.jpg,0.062399,0.070915,0.204981,0.263299,0.165140,0.759782
B2A,e7c99420a8.jpg,0.070917,0.092307,0.091345,0.345883,0.365438,0.889191
B2A,e8789baa19.jpg,0.048675,0.042807,0.080910,0.411596,0.171109,0.688293
B2A,e8dc20c86e.jpg,0.057583,0.027942,0.128252,0.357499,0.176698,0.783257
B2A,e9652384d0.jpg,0.042662,0.029559,0.202254,0.263245,0.129288,0.756362
B2A,e9896641d2.jpg,0.031474,0.016836,0.098190,0.378784,0.100588,0.810485
B2A,e9d65fa272.jpg,0.175244,0.150897,0.056034,0.510373,0.253393,0.590448
B2A,e9ebdfe8ec.jpg,0.027473,0.011875,0.191972,0.437437,0.130721,0.738799
B2A,ea437a682c.jpg,0.051539,0.036839,0.107416,0.257958,0.121472,0.694765
B2A,ea90ff6da4.jpg,0.058274,0.049665,0.095914,0.407892,0.279966,0.813267
B2A,ead622126f.jpg,0.032267,0.015754,0.189780,0.431247,0.137509,0.632771
B2A,eb1ae4752c.jpg,0.044480,0.063693,0.139935,0.380941,0.129907,0.555188
B2A,eb7323bae7.jpg,0.077830,0.064966,0.089050,0.494001,0.472169,0.915509
B2A,ebb7fcea92.jpg,0.051237,0.046931,0.091420,0.264233,0.194215,0.880294
B2A,ec6c041436.jpg,0.045372,0.037821,0.170467,0.610811,0.237038,0.722224
B2A,ecb38a1051.jpg,0.054704,0.100140,0.141273,0.330978,0.194378,0.781846
B2A,ece948ce97.jpg,0.034861,0.022190,0.121762,0.321840,0.152673,0.812464
B2A,ed22cf856f.jpg,0.038492,0.022180,0.129312,0.401152,0.189124,0.656597
B2A,ee2bf8c5fd.jpg,0.041165,0.052555,0.189130,0.499979,0.220533,0.501039
B2A,ee8c2e9e3c.jpg,0.069620,0.056379,0.094840,0.252203,0.137094,0.836915
B2A,ee97a20e7c.jpg,0.083663,0.068770,0.117331,0.477097,0.457464,0.835619
B2A,ee982ce7e3.jpg,0.036071,0.019817,0.087091,0.211600,0.099050,0.856702
B2A,ee9b29e1b8.jpg,0.037432,0.020747,0.076334,0.268782,0.101272,0.621229
B2A,ef1f3e84f9.jpg,0.037395,0.035666,0.152086,0.349144,0.143476,0.800630
B2A,ef488233e3.jpg,0.041693,0.027404,0.123332,0.370410,0.202235,0.658862
B2A,efa2ba7d02.jpg,0.048996,0.031418,0.107437,0.342379,0.245044,0.797324
B2A,efcabd7b97.jpg,0.041337,0.027653,0.082026,0.288591,0.155635,0.816170
B2A,f0962b6de5.jpg,0.043571,0.033556,0.096316,0.381970,0.272944,0.824480
B2A,f0aa76ff07.jpg,0.033119,0.017759,0.155933,0.515201,0.092708,0.583337
B2A,f105adbfb1.jpg,0.092368,0.026515,0.061228,0.284602,0.148945,0.763594
B2A,f11ee27f26.jpg,0.028349,0.020895,0.200518,0.492778,0.115232,0.760111
B2A,f1d4e7cd69.jpg,0.032272,0.016116,0.175896,0.449899,0.125114,0.552450
B2A,f21dd18a49.jpg,0.040221,0.020579,0.257705,0.578872,0.161957,0.598582
B2A,f22dac0d03.jpg,0.070312,0.052555,0.125284,0.403686,0.267388,0.722883
B2A,f25716f164.jpg,0.026445,0.015671,0.120596,0.425022,0.117990,0.638678
B2A,f270b20be4.jpg,0.034741,0.027046,0.195356,0.500445,0.210521,0.766884
B2A,f28231f3f9.jpg,0.162289,0.149490,0.091788,0.335316,0.316650,0.843274
B2A,f2d986db88.jpg,0.034491,0.018092,0.192200,0.405442,0.152878,0.765681
B2A,f2f09c8f41.jpg,0.029786,0.018087,0.113462,0.276064,0.153723,0.784552
B2A,f32a18c7c6.jpg,0.062133,0.064600,0.195448,0.315194,0.135737,0.710090
B2A,f40af60ddc.jpg,0.028358,0.020364,0.147130,0.397372,0.220917,0.655297
B2A,f40d9b8368.jpg,0.072184,0.040286,0.096063,0.442607,0.139565,0.461402
B2A,f41b5dec17.jpg,0.043523,0.024066,0.154699,0.397106,0.213859,0.775509
B2A,f4eb1866c7.jpg,0.052991,0.016562,0.079210,0.317869,0.199118,0.730955
B2A,f501fc4455.jpg,0.057806,0.031590,0.116398,0.232117,0.163560,0.886414
B2A,f55b066db1.jpg,0.070576,0.059819,0.143614,0.407292,0.106873,0.588602
B2A,f56b12cf0b.jpg,0.033181,0.021428,0.164198,0.452768,0.173908,0.788195
B2A,f5c3514cca.jpg,0.030602,0.027373,0.261586,0.591864,0.130426,0.544258
B2A,f63a1042f4.jpg,0.054645,0.032037,0.162405,0.393536,0.162165,0.674377
B2A,f67f1708b6.jpg,0.042265,0.030525,0.084856,0.217601,0.170799,0.842052
B2A,f68dae168d.jpg,0.034423,0.012742,0.214298,0.589568,0.170807,0.723586
B2A,f690980765.jpg,0.033739,0.018465,0.201097,0.512845,0.166795,0.550773
B2A,f6aa1d5154.jpg,0.042621,0.022063,0.145174,0.338966,0.188774,0.787468
B2A,f6e422b697.jpg,0.053504,0.035884,0.078735,0.333260,0.193949,0.766725
B2A,f6e5895253.jpg,0.039316,0.029303,0.105657,0.563785,0.139404,0.632613
B2A,f771e1e1b0.jpg,0.040448,0.023724,0.202984,0.438870,0.158806,0.688719
B2A,f77377bd03.jpg,0.037050,0.039355,0.097390,0.280315,0.105758,0.837585
B2A,f7a011547d.jpg,0.029871,0.023768,0.080327,0.147925,0.102711,0.907204
B2A,f83e5b4295.jpg,0.053471,0.036209,0.165952,0.350113,0.182411,0.678377
B2A,f84566ed02.jpg,0.038120,0.033996,0.245723,0.586500,0.157700,0.540041
B2A,f8905451b4.jpg,0.027279,0.019052,0.170075,0.454433,0.144548,0.794636
B2A,f8c63eea5a.jpg,0.039977,0.022464,0.201637,0.388493,0.164803,0.573972
B2A,f8c8e456d7.jpg,0.026721,0.022486,0.097277,0.303732,0.142207,0.882274
B2A,f8ca80aebb.jpg,0.050828,0.040598,0.217780,0.374954,0.171131,0.817932
B2A,f8f04744fd.jpg,0.034538,0.031313,0.222276,0.499826,0.134992,0.569087
B2A,f8f98ae176.jpg,0.042885,0.022007,0.157011,0.278486,0.110330,0.739996
B2A,f9080ec43b.jpg,0.062231,0.034182,0.159977,0.335958,0.133350,0.712227
B2A,f969505f84.jpg,0.048373,0.040953,0.129339,0.472754,0.154870,0.527498
B2A,f96a50841d.jpg,0.064252,0.053073,0.095499,0.566260,0.195970,0.640792
B2A,f975a1e01e.jpg,0.035241,0.026400,0.142117,0.370529,0.160706,0.672901
B2A,f9867ce748.jpg,0.018440,0.015200,0.160005,0.596044,0.167333,0.618165
B2A,f99a7a3267.jpg,0.043634,0.029670,0.140924,0.404534,0.157823,0.545857
B2A,f9cf6e7e27.jpg,0.045490,0.029429,0.130040,0.379335,0.217494,0.761804
B2A,fac89a2440.jpg,0.048669,0.020303,0.240042,0.426907,0.085817,0.850883
B2A,fb97febc5f.jpg,0.048353,0.035021,0.064749,0.336057,0.212298,0.865046
B2A,fcd5eaceb7.jpg,0.030750,0.016940,0.158565,0.406031,0.163433,0.816199
B2A,fd0071794a.jpg,0.031438,0.019890,0.163096,0.407496,0.150229,0.779916
B2A,fdfc86a000.jpg,0.042432,0.041074,0.076306,0.294227,0.127479,0.750917
B2A,fe4c4e4b6b.jpg,0.033319,0.020444,0.207285,0.386162,0.137830,0.767705
B2A,fe702a794e.jpg,0.016421,0.011489,0.264849,0.670190,0.108255,0.496318
B2A,fea42e4505.jpg,0.027737,0.015561,0.223927,0.553931,0.079763,0.668496
B2A,fefb86c469.jpg,0.043061,0.026426,0.145375,0.442903,0.185017,0.701135
B2A,ff2cb6658c.jpg,0.037422,0.024927,0.094494,0.292134,0.138117,0.825759
B2A,ff2f57429f.jpg,0.071625,0.096681,0.108394,0.350847,0.177521,0.710784
B2A,ff3867d938.jpg,0.050440,0.040452,0.089928,0.300820,0.161457,0.794725
B2A,ffa5d376be.jpg,0.021586,0.023075,0.146950,0.312208,0.124296,0.822101
B2A,ffcdd249dd.jpg,0.077348,0.054591,0.072274,0.480697,0.381252,0.897753
