epoch,G_total,G_adv_A2B,G_adv_B2A,cycle_A,cycle_B,identity_A,identity_B,D_A,D_B,grad_norm_G,grad_norm_D,grad_norm_G_max,grad_norm_D_max,learning_rate,nan_steps_total,epoch_time_sec,train_images_per_sec
1,7.582799434661865,0.4344582259654999,0.4203323423862457,0.2213909775018692,0.2391926795244217,0.20814910531044006,0.21628351509571075,0.23925693333148956,0.2389146387577057,38.84836959838867,22.6141414642334,206.67604064941406,231.80218505859375,0.0002,0,446.74465453000016,27.031101273510732
2,6.084427356719971,0.4304237365722656,0.42100322246551514,0.17331267893314362,0.18380340933799744,0.16655829548835754,0.165806844830513,0.2136727124452591,0.21015632152557373,29.510944366455078,18.096786499023438,159.40248107910156,57.12916946411133,0.0002,0,441.5487044890001,27.349191328678984
3,5.468838214874268,0.4277092516422272,0.4291292428970337,0.15193742513656616,0.16268010437488556,0.1475701779127121,0.14559702575206757,0.20140141248703003,0.203260138630867,27.4838924407959,15.18571662902832,636.27294921875,46.039764404296875,0.0002,0,451.8192660509999,26.727501254089727
4,5.113513469696045,0.4255368411540985,0.45860326290130615,0.1380651742219925,0.14951947331428528,0.13547499477863312,0.1352301388978958,0.18071651458740234,0.2001834213733673,25.767419815063477,13.45845890045166,108.75833129882812,41.54024887084961,0.0002,0,452.49310449700033,26.687699503009895
5,4.908255577087402,0.4247555732727051,0.4936188757419586,0.12810452282428741,0.14252321422100067,0.12776358425617218,0.12895816564559937,0.1617320328950882,0.1959436684846878,24.47181510925293,12.188194274902344,120.42295837402344,41.176692962646484,0.0002,0,451.23870656300005,26.761888606543994
6,4.732497215270996,0.448611855506897,0.4939974248409271,0.12033722549676895,0.1367911696434021,0.11952194571495056,0.12419965118169785,0.15859264135360718,0.1770206093788147,23.714235305786133,11.234915733337402,111.19635772705078,30.547903060913086,0.0002,0,468.91200053500006,25.75323298662013
7,4.540301322937012,0.45069101452827454,0.45828622579574585,0.11394204199314117,0.1327275186777115,0.11301548033952713,0.11991075426340103,0.16937430202960968,0.17485617101192474,23.65786361694336,10.608959197998047,117.7564697265625,29.60735321044922,0.0002,0,451.33312747699983,26.756289899449932
8,4.326694965362549,0.42324092984199524,0.42598721385002136,0.10815632343292236,0.1284887194633484,0.10683738440275192,0.11536550521850586,0.1763550490140915,0.18489022552967072,22.828723907470703,10.232441902160645,101.81062316894531,29.49738883972168,0.0002,0,451.52231282899993,26.745079161953644
9,4.240227222442627,0.42392969131469727,0.44695737957954407,0.10404380410909653,0.12602750957012177,0.10227931290864944,0.11144604533910751,0.16879743337631226,0.1848909705877304,22.372426986694336,9.841439247131348,96.89679718017578,32.37449264526367,0.0002,0,448.4218534920001,26.929998852554668
10,4.1384782791137695,0.4212906062602997,0.46381044387817383,0.10028915107250214,0.12225411832332611,0.09816425293684006,0.1074264794588089,0.16288529336452484,0.18597115576267242,21.716156005859375,9.704923629760742,91.03697204589844,29.768287658691406,0.0002,0,444.6030145119994,27.161309316030472
11,4.056052207946777,0.421463280916214,0.46513131260871887,0.0978110209107399,0.12010221183300018,0.09397329390048981,0.10409244149923325,0.15982051193714142,0.18734730780124664,21.424449920654297,9.523660659790039,130.96139526367188,25.366743087768555,0.0002,0,453.46662514200034,26.630405261287915
12,3.9823427200317383,0.41927164793014526,0.4783341884613037,0.0946335420012474,0.1180032342672348,0.0904901847243309,0.10118148475885391,0.15563075244426727,0.18693262338638306,20.962961196899414,9.406660079956055,122.25772094726562,24.351648330688477,0.0002,0,449.2073785090006,26.882906598912953
13,3.9155678749084473,0.41917189955711365,0.48662737011909485,0.09238990396261215,0.11594467610120773,0.08742289245128632,0.0978604182600975,0.15283085405826569,0.18496502935886383,20.570449829101562,9.378316879272461,102.80140686035156,27.197914123535156,0.0002,0,454.60183779399995,26.563904929641236
14,3.889551877975464,0.4246963560581207,0.4945269525051117,0.09106496721506119,0.11516363173723221,0.08556950837373734,0.09603888541460037,0.14838233590126038,0.18460938334465027,20.531381607055664,9.243965148925781,145.55307006835938,28.14788055419922,0.0002,0,448.54925169299986,26.922350119681315
15,3.8419814109802246,0.42334213852882385,0.5161312222480774,0.0891672670841217,0.11266827583312988,0.08315911889076233,0.09367156773805618,0.14429379999637604,0.18495292961597443,20.516826629638672,9.292579650878906,199.7679901123047,27.04488182067871,0.0002,0,448.38219733700043,26.932380615735678
16,3.822455644607544,0.42690667510032654,0.5382487773895264,0.08753155916929245,0.11172329634428024,0.0808170810341835,0.0921340137720108,0.13212910294532776,0.1838294267654419,20.48005485534668,9.093669891357422,216.89208984375,30.85866355895996,0.0002,0,452.7782163050015,26.67089441393386
17,3.804201602935791,0.42864990234375,0.5762068033218384,0.0861126184463501,0.10930845141410828,0.07938168942928314,0.0896451324224472,0.12296172976493835,0.18232914805412292,20.416147232055664,8.94665813446045,199.23956298828125,28.811277389526367,0.0002,0,485.7783316419991,24.8590750418641
18,3.7676992416381836,0.42903363704681396,0.5849579572677612,0.08462701737880707,0.10816606879234314,0.07683145999908447,0.08832425624132156,0.11652863025665283,0.18198592960834503,20.44031524658203,8.805794715881348,146.66387939453125,28.376243591308594,0.0002,0,478.9304908139984,25.21451490690314
19,3.738349437713623,0.4314555525779724,0.6051891446113586,0.08395646512508392,0.10569318383932114,0.0752829909324646,0.08575703948736191,0.11235906928777695,0.181534543633461,20.569942474365234,8.633056640625,228.35504150390625,25.987979888916016,0.0002,0,448.0396316999995,26.952972785420698
20,3.7198963165283203,0.4377081096172333,0.6220411062240601,0.08255471289157867,0.10445961356163025,0.0733538419008255,0.08464667201042175,0.10587006062269211,0.18123368918895721,20.489986419677734,8.486593246459961,89.51583862304688,23.179269790649414,0.0002,0,453.1538443239988,26.648786391770795
21,3.6954777240753174,0.4421583116054535,0.6364842653274536,0.08092722296714783,0.1034868136048317,0.07127401232719421,0.08326337486505508,0.10207144170999527,0.1797654777765274,20.641416549682617,8.3992338180542,179.01275634765625,23.908998489379883,0.0002,0,450.1417145609994,26.8271071295339
22,3.6670689582824707,0.4454658031463623,0.6424277424812317,0.08020242303609848,0.10190179944038391,0.06992754340171814,0.0816984623670578,0.10017749667167664,0.1779898852109909,20.76255989074707,8.32634449005127,115.74800109863281,22.92555809020996,0.0002,0,447.06840346199897,27.011526438652616
23,3.655585527420044,0.4510928988456726,0.6464143991470337,0.07943246513605118,0.10149538516998291,0.06868549436330795,0.08107341825962067,0.09993442893028259,0.17440098524093628,20.96185302734375,8.325181007385254,379.8125,22.358177185058594,0.0002,0,448.1047528250001,26.949055826497965
24,3.621330499649048,0.4629637598991394,0.6488654017448425,0.07808979600667953,0.09969837963581085,0.06706932187080383,0.07925552874803543,0.09781995415687561,0.1704205870628357,20.756986618041992,8.304377555847168,93.6128158569336,23.109249114990234,0.0002,0,449.0461814379996,26.89255693329473
25,3.620044708251953,0.46857380867004395,0.6559219360351562,0.07782018184661865,0.09950440376996994,0.06560072302818298,0.07886029034852982,0.0951528251171112,0.16921710968017578,20.82245635986328,8.302559852600098,88.01780700683594,22.5725154876709,0.0002,0,446.51052116400024,27.045275368919174
26,3.5753893852233887,0.47274693846702576,0.6636006832122803,0.07611417025327682,0.09720231592655182,0.0641162246465683,0.07705976814031601,0.09023167192935944,0.16426414251327515,20.621660232543945,8.102005004882812,140.31898498535156,31.303407669067383,0.00019230769230769233,0,486.88591893299963,24.80252463752557
27,3.553391933441162,0.4832181930541992,0.6790091395378113,0.07466015964746475,0.0958193764090538,0.06168288737535477,0.07559114694595337,0.08644253760576248,0.16056706011295319,20.830949783325195,8.027624130249023,199.2224578857422,21.353897094726562,0.00018461538461538463,0,442.22646218500086,27.30727587022626
28,3.5219202041625977,0.4835602343082428,0.6922699213027954,0.0733589231967926,0.09433641284704208,0.05987299606204033,0.07395327836275101,0.08195003122091293,0.1600525975227356,20.85948371887207,7.862701416015625,96.6483154296875,20.335630416870117,0.00017692307692307693,0,447.1856324879991,27.00444540852747
29,3.4914727210998535,0.48604801297187805,0.7054577469825745,0.07235274463891983,0.09246060997247696,0.0581529401242733,0.07221285998821259,0.078272745013237,0.15870369970798492,20.908771514892578,7.72838830947876,142.29734802246094,21.175670623779297,0.00016923076923076923,0,446.9547971160009,27.018392190711495
30,3.461691379547119,0.4914177358150482,0.7158319354057312,0.07117587327957153,0.0905647799372673,0.05665915086865425,0.07074785977602005,0.07555291056632996,0.1558600813150406,21.03253173828125,7.625452518463135,119.38439178466797,28.906627655029297,0.00016153846153846155,0,444.78505674199914,27.15019269859323
31,3.4422190189361572,0.49817171692848206,0.7244530320167542,0.07010858505964279,0.08977314829826355,0.05480559170246124,0.06934859603643417,0.07358423620462418,0.15368929505348206,21.24248695373535,7.540286064147949,75.55306243896484,21.979799270629883,0.00015384615384615385,0,449.69685905699953,26.853645420879747
32,3.4201712608337402,0.5064482092857361,0.7319782972335815,0.06917856633663177,0.08826897293329239,0.053735654801130295,0.067719966173172,0.07110204547643661,0.14989624917507172,21.338037490844727,7.450846195220947,290.1590881347656,24.820981979370117,0.00014615384615384618,0,447.3250217599998,26.99603065459426
33,3.410019636154175,0.5189678072929382,0.7392184734344482,0.06838957965373993,0.08725058287382126,0.05216541141271591,0.06692206859588623,0.06858596205711365,0.14519856870174408,21.474580764770508,7.33223295211792,83.2406234741211,22.566137313842773,0.00013846153846153847,0,447.33627765300116,26.995351379409822
34,3.3907134532928467,0.5347715616226196,0.7437648773193359,0.06767891347408295,0.08556363731622696,0.050818245857954025,0.06513393670320511,0.06683662533760071,0.13840410113334656,21.858543395996094,7.213212966918945,157.5097198486328,20.445175170898438,0.00013076923076923077,0,444.53909343899795,27.165214889378753
35,3.380814552307129,0.5573992133140564,0.7489495873451233,0.06655542552471161,0.08432433009147644,0.04922396317124367,0.06390952318906784,0.06559689342975616,0.13122405111789703,21.80915069580078,7.073750019073486,94.587890625,20.904714584350586,0.0001230769230769231,0,444.79562586599786,27.149547562408127
36,3.366908550262451,0.570484459400177,0.7562565803527832,0.06575855612754822,0.0826292335987091,0.048229482024908066,0.06302757561206818,0.06366670876741409,0.12629900872707367,22.03173828125,6.9865922927856445,166.12583923339844,18.656068801879883,0.00011538461538461538,0,445.1285240069992,27.129243238094794
37,3.3380279541015625,0.5694280862808228,0.7642778754234314,0.0649925097823143,0.08107476681470871,0.04712167754769325,0.06160764396190643,0.06205526366829872,0.1251988261938095,22.155975341796875,6.922247886657715,133.9471893310547,18.71571159362793,0.0001076923076923077,0,444.1112132550006,27.1913872912418
38,3.325024127960205,0.5789276361465454,0.771746039390564,0.06403659284114838,0.08005838841199875,0.046302203088998795,0.060376692563295364,0.06044398993253708,0.12302307784557343,22.484914779663086,6.8549041748046875,74.12303161621094,20.377609252929688,0.0001,0,447.90562379900075,26.961036786220724
39,3.3062684535980225,0.5850491523742676,0.7741050124168396,0.06332918256521225,0.07895604521036148,0.045418743044137955,0.05943315848708153,0.060139238834381104,0.12186812609434128,22.46925926208496,6.79884672164917,93.52429962158203,19.498693466186523,9.230769230769232e-05,0,448.0572442800003,26.951913297162218
40,3.2846624851226807,0.5893923044204712,0.7767573595046997,0.06262875348329544,0.077962726354599,0.04419128596782684,0.058327171951532364,0.059482209384441376,0.12104229629039764,22.458829879760742,6.815218448638916,130.61221313476562,19.239215850830078,8.461538461538463e-05,0,438.33071026200196,27.549974750301782
41,3.263366937637329,0.5896158814430237,0.7761204242706299,0.062109436839818954,0.07736748456954956,0.04316931217908859,0.05740170180797577,0.06054481118917465,0.12132667750120163,22.546966552734375,6.791691303253174,98.56271362304688,20.50106430053711,7.692307692307693e-05,0,442.9164435970015,27.264736215094437
42,3.2343266010284424,0.5887162089347839,0.7750219106674194,0.06149190664291382,0.07605765014886856,0.04252082109451294,0.056498344987630844,0.06034756451845169,0.12147989869117737,22.531482696533203,6.815916061401367,132.7364959716797,22.71525764465332,6.923076923076924e-05,0,445.6307427850006,27.098669011321324
43,3.2135274410247803,0.5878599286079407,0.7817431092262268,0.060939401388168335,0.07485419511795044,0.0416879840195179,0.0555090568959713,0.05977297201752663,0.12166436016559601,22.6144962310791,6.801591396331787,112.54129028320312,20.739696502685547,6.153846153846155e-05,0,448.60290094599986,26.919130425894497
44,3.1903369426727295,0.5896444916725159,0.7806611657142639,0.060450438410043716,0.07390380650758743,0.04078406095504761,0.0545138455927372,0.05987701192498207,0.12252965569496155,22.547513961791992,6.8085432052612305,128.51412963867188,19.3994197845459,5.384615384615386e-05,0,447.1279795399969,27.00792737780295
45,3.1782608032226562,0.5897645950317383,0.788630485534668,0.059869132936000824,0.07316191494464874,0.040204815566539764,0.053705569356679916,0.05908955633640289,0.12300696223974228,22.42715072631836,6.7867350578308105,76.10099792480469,18.514686584472656,4.6153846153846145e-05,0,442.8068344940002,27.271485124657946
46,3.1545183658599854,0.5897582173347473,0.7903521656990051,0.05929114297032356,0.07193724811077118,0.03958871588110924,0.052836690098047256,0.05806497856974602,0.12388674914836884,22.093229293823242,6.7735748291015625,136.67835998535156,23.649002075195312,3.846153846153846e-05,0,444.717957001998,27.154289162076147
47,3.1446573734283447,0.5888620018959045,0.7993080615997314,0.05889178812503815,0.07130848616361618,0.038943540304899216,0.051953770220279694,0.057361189275979996,0.12355794757604599,22.00302505493164,6.712381839752197,96.79837799072266,30.611759185791016,3.0769230769230774e-05,0,448.32451321199915,26.935845897611276
48,3.137479066848755,0.5916591286659241,0.8090029358863831,0.058540087193250656,0.07012439519166946,0.03846820071339607,0.05156739801168442,0.05564146116375923,0.12323382496833801,21.88913917541504,6.661211967468262,121.25420379638672,24.23603630065918,2.3076923076923086e-05,0,446.8794086710004,27.022950186748343
49,3.1265318393707275,0.5909440517425537,0.8169233202934265,0.05814981088042259,0.06931920349597931,0.03794508054852486,0.05085032433271408,0.05465617775917053,0.12281586974859238,21.37841033935547,6.5587687492370605,302.07684326171875,24.84007453918457,1.5384615384615374e-05,0,444.2650541610019,27.18197140849987
50,3.1116061210632324,0.5920447111129761,0.8236952424049377,0.05770692229270935,0.06807531416416168,0.03751656785607338,0.05009223148226738,0.0531722716987133,0.12140531092882156,20.812597274780273,6.411225318908691,109.75836944580078,20.94999122619629,7.692307692307687e-06,0,448.4795532829994,26.926534134277034
