test_row,category,label,pred,p_pos,length_bucket,has_negation,has_contrast,text,clean,error_type,proposed_fix
1118,confident_false_positive,0,1,0.7487598,len<=50,False,True,"This place is trashy, but the music is good. People literally do drugs in public here.",place trashi but music good peopl liter drug public,,
1642,confident_false_positive,0,1,0.7244397,len<=50,False,False,Found hair in my sub. We're professional about it and refunded me. Nice and friendly staff,hair sub profession refund nice friendli staff,,
1128,confident_false_positive,0,1,0.71482617,len<=50,False,True,The end is near. Went for one last hurrah before closing.  Love westroc and their products but the thrill is gone from tv.,end near went hurrah close love westroc product but thrill gone tv,,
1055,confident_false_positive,0,1,0.71424043,len<=50,False,False,"It's great if you are under 30, over 30 find another locale.  By the way if you are over 30 in Madison are there any options?  Yes, there are, leave and find another larger fabulous city.  My recommendation is to be invisible or go somewhere else.",s great local way madison option ye leav larger fabul citi recommend invis,,
34,confident_false_positive,0,1,0.7014336,len<=50,False,True,"God love em, they have tried. The casino still is under construction, the rooms still....well...from the 80s and the machines tight as bell but still cheap and a place to lay your head.",god love em tri casino construct room s machin tight bell but cheap place lay head,,
1236,confident_false_negative,1,0,0.21724783,len<=50,True,False,I have also had my eyelash extensions done here an  couldn't be happier! I get so many compliments on how beautiful and real that they look:),eyelash extens not happier compliment beauti real look,,
880,confident_false_negative,1,0,0.24313487,len101-200,True,True,"Dr. Shannon Heck is so amazing with my son.  Has helped my son with issues that his pediatrician could have done but did not.   As for cosmetic procedures...she will not let you look like you just went through a wind tunnel.  You have the option to go anywhere and get injections...She is a Doctor who knows and understands how your body will work with what she is injecting.  How could anyone get injections from someone who is not a doctor!   Its not about the cost per unit.  Remember the saying..\""""You get what you pay for\"""".  I could not be happier.  5 stars!",dr shannon heck amaz son help son issu pediatrician but did not cosmet procedur not let look like just went wind tunnel option inject doctor know understand bodi work inject inject not doctor not cost unit rememb say pay not happier star,,
84,confident_false_negative,1,0,0.25094736,len<=50,True,False,"Fully alive is incredibly creative, professional and well priced! I couldn't have asked for a better photographer.",fulli aliv incred creativ profession price not ask better photograph,,
206,confident_false_negative,1,0,0.26827437,len<=50,True,True,"This pizza hit the spot! Tastier (and cheaper) than most of the recommended casual pizza joints on the strip. A little on the greasy side, but nothing a napkin couldn't fix. Can't beat this value.",pizza hit spot tastier cheaper most recommend casual pizza joint strip littl greasi but noth napkin not fix ca not beat valu,,
675,confident_false_negative,1,0,0.28479892,len<=50,True,False,I love the Shellac Mani-Pedi....it lasted 3 weeks and no chipping. If my nails didn't grow so fast I would have been able to go a month.  Clean and nice experience.  I will keep going they got me in and out in no time.,love shellac mani pedi last week no chip nail did not grow fast abl month clean nice experi go got no time,,
882,near_threshold,1,0,0.4999758,len>200,True,True,"What a find! Especially for a New Yorker, with no dining spot like this back home (but see below). Luckily, it's near the Airport, so it makes a great place to have your first and/or last meal on a trip to Phoenix.  Pasties are tasty meat or vegetable pies meant to be lowered to hungry miners in Cornwall. Fortunately for us, someone thought of  bringing them to the US, and particularly to the Phoenix area. I had the Lamb Vindaloo (probably not an import from Cornwall), and my brother had the Balsamic Portabello. Both were delicious; the Vindaloo was spicy, but not too spicy. Go ahead and order it - you won't be sorry.  Since this was sort of dinner, we then shared the Pilgrim, which incorporated turkey, sweet potatoes, stuffing and a side of cranberry sauce. This was OK, but could have used more turkey, and less stuffing. Pies ranged from $6.50-9.00.  Excellent selection of European draft beers in 14, 20, and 34 ounce mugs, the largest being a mere $8-9 bucks. Also many imported premium bottles, plus Tempe's own Four Peaks Kilt Lifter (6%) for only $3.50. What a deal.  For other New Yorkers reading this, I understand Myers of Keswick, a shop on Hudson Street, has Cornish Pasties an",especi new yorker no dine spot like home but luckili s near airport make great place meal trip phoenix pasti tasti meat veget pie meant lower hungri miner cornwal fortun thought bring particularli phoenix area lamb vindaloo probabl not import cornwal brother balsam portabello delici vindaloo spici but not too spici ahead order wo not sorri sort dinner share pilgrim incorpor turkey sweet potato stuf cranberri sauc ok but use more turkey less stuf pie rang excel select european draft beer ounc mug largest mere buck import premium bottl plu temp s peak kilt lifter onli deal new yorker read understand myer keswick shop hudson street cornish pasti meat pie gener less probabl smaller takeout onli ll updat time m villag,,
112,near_threshold,1,0,0.49992883,len101-200,True,False,"Calamansi juice is the best refreshment on a hot Vegas morning.  Mmmm.  My fam and I ordered that variety platter of grilled meat - pork, beef, chicken.  Delicious!!  I especially love the fact that they have all the dipping sauces Filipino's need - namely, the soy sauce and vinegar.  Yum!  We also ordered some soup and the pork chops.  I was in heaven.  Why didn't anyone ever tell me about this place before??  My dad ordered the halo-halo, which he was impressed with.  I loved that there was a scoop of ube ice cream - I never see that here!  Also, we tried their special dessert - Turon Delight.  It's basically turon (fried banana dumpling) topped with ice cream.  It was good and just enough for 3 of us to split!  Service is fast and friendly...and it got pretty packed about half an hour after opening.  (They open at 11am on Saturday, btw.  My fam and I were sitting in the car, waiting for them to open.  How sad.)  Oh!  And they serve breakfast all day!!  Chorizo, scrambled eggs and rice anytime you want it??  Nothing beats that!",calamansi juic best refresh hot vega morn mmmm fam order varieti platter grill meat pork beef chicken delici especi love fact dip sauc filipino s need soy sauc vinegar yum order soup pork chop heaven did not tell place dad order halo halo impress love scoop ube ice cream never tri special dessert turon delight s basic turon fri banana dumpl top ice cream good just split servic fast friendli got pretti pack half hour open open saturday btw fam sit car wait open sad oh serv breakfast day chorizo scrambl egg rice anytim want noth beat,,
853,near_threshold,1,0,0.4998489,len51-100,True,True,"Elixir brings in a mid-to-late 20's/early 30s crowd that does more mingling/drinking than only dancing. They do have a small dance floor where some folks dance but it's a small minority of the total number of patrons. The bartenders are friendly enough but the wait to get a drink can be long when the place is jumpin'. The atmosphere is fun but not uppity.  Still, it's a more sophisticated standby for those nights when other Southside joints are too collegey or dirrty for your maturing tastes (natch). Probably the classiest place on the Southside.",elixir bring mid late s earli s crowd doe more mingl drink onli danc small danc floor folk danc but s small minor total number patron bartend friendli but wait drink long place jumpin atmospher fun but not uppiti s more sophist standbi night southsid joint too collegey dirrti matur tast natch probabl classiest place southsid,,
404,near_threshold,1,0,0.49969107,len101-200,True,True,"First into the restaurant, we had the attention of the Duo of Ds. Mr. Chef was extremely friendly as he was preparing for the evening's service. Mrs. D at the front was fine.   Coming back from the washroom, I asked what the chef recommended, and he glowed with pride about everything on the menu. His comments were proud without being arrogant, and left me excited to try just about anything.   I ended up trying the duck confit, and it was fall-off-the-bone moist and delicious. My friend had a steak (smallish portion, cooked well.) She was only passably impressed with the onion soup, though.   All in all, a very good dinner. Oddly enough though, despite the 4 stars, I don't know that I would rush back. Though certainly, if I were in the area, I would be pleased to stop back in.",restaur attent duo ds mr chef extrem friendli prepar even s servic mr d fine come washroom ask chef recommend glow pride menu comment proud arrog left excit tri just end tri duck confit fall bone moist delici friend steak smallish portion cook onli passabl impress onion soup though veri good dinner oddli though despit star not know rush though certainli area pleas stop,,
235,near_threshold,1,0,0.49936154,len101-200,True,True,"I was having a case of the Hump Day Blues....tired from Iruna and the Rusty Spur the night before and a long stressful day at work, all I wanted to do was go home...  Until I saw it...a light brighter than no other coming from the Wednesday evening Phoenix Public Market. Usually it's Short Leash that shines with such intensity, but this evening it was TORCHED GOODNESS and their selection of Creme Brulee. My saving grace...AND they accept credit cards! [my cash-less a$$ be saved]  *bells of heaven chiming in the distance*   The selection seemed endless from vanilla, chocolate, peanut butter, lemon, lavender, maple....oh I can't remember them all....  I decided on 2 (yes 2 chastise me later for my indulgence) ...Lemon and Lavender....wishing I had gone for the maple topped with the optional caramelized bacon, which he said he only had 3 left of those.   But I made no mistake with my choices. They both were very subtle but distinct in their individual flavors. The quality of the ingredients did shine through.  I am going to have to start stalking them on twitter and facebook....",have case hump day blue tire iruna rusti spur night long stress day work want home saw light brighter no come wednesday even phoenix public market usual s short leash shine intens but even torch good select creme brule save grace accept credit card cash less save bell heaven chime distanc select endless vanilla chocol peanut butter lemon lavend mapl oh ca not rememb decid ye chastis later indulg lemon lavend wish gone mapl top option caramel bacon said onli left but no mistak choic veri subtl but distinct individu flavor qualiti ingredi did shine go start stalk twitter facebook,,
1165,slice:length_bucket=len>200,1,0,0.28638515,len>200,True,True,"I was enthusiastic to try this deli because of the positive reviews, but one in particular made me nervous. I hate reading a review that has slammed a place because it makes me reconsider trying them in the first place. Me and my husband stopped here on the way  to run some errands. We had a great experience.   It is clean and neat, with clear signs to help you order and a staff that is quick to acknowledge you and offer assistance. We enjoyed their personality. That gets a star.   \""""But the breads all taste like shit and are extremely doughy to the point of almost being wet, the meat is about as low-quality as I've ever tasted (think that $0.99 cent stuff you can pick up at the supermarket\"""" What? I mustn't have eaten the same sandwich. Okay, the meat might not be Boar's Head quality, but it's fresh and tasty. I would buy that meat at my supermarket if I were making my own sandwich. Good enough for me. And the bread... I like mine soft, not a baguette. It sure wasn't doughy or wet. Neither was my husbands. It was FRESH. The quality, though not 5 star or world class, is something I might use in my own home and this gets another star.   \""""Your side is a choice of a ramekin of eit",enthusiast tri deli posit review but particular nervou hate read review slam place make reconsid tri place husband stop way run errand great experi clean neat clear sign help order staff quick acknowledg offer assist enjoy person get star but bread tast like shit extrem doughi point wet meat low qualiti ve tast think cent stuff pick supermarket not eaten sandwich okay meat not boar s head qualiti but s fresh tasti buy meat supermarket make sandwich good bread like soft not baguett sure not doughi wet neither husband fresh qualiti though not star world class use home get star choic ramekin mac salad potato salad bag chip super small bag regular lay regular lay regular lay um yeah compar subway not fair subway doe not potato salad macaroni salad slice pickl chip enjoy fact did not eat chip sandwich chose potato salad rock husband got chip cooki select get star opinion bigger select meat bread chees sandwich soup breakfast sammi subway let chip thing slide hell ca not easili condiment avail place sandwich plexi glass counter know what funni ve capriotti rave review counter no onli thing healthi turkey roast beef like mustard least subway buffalo chicken sandwich like choic chip not realli true subway s bread dri not realli healthi meat suck new yorker tast better buffalo chicken sandwich health consciou proclaim need select chip no chip healthi sorri heidi s doe not fail rock,,
1174,slice:length_bucket=len>200,1,0,0.3041016,len>200,True,True,As a fan of all things Halloween related doing both Universal Studios Halloween Horror Nights and Knott's Scary Farm as well as other haunts this by far was one of the most outstanding Halloween attractions outside of the Vegas strip. Going to Vegas and having our Sunday night free we decided to go to the Freakling Brothers Trilogy Of Terror for some Halloween fun.   From the outside all 3 look like some sort of carnival setup or something that you see victims go into and never come out of. I never imagined that the houses were made with trailers hooked up because for me it is as real and as good as some of the best haunts I've been to.  All 3 were really well done. I don't want to give away any details. If you go be sure to buy the VIP front of the line pass. Plus you get a tshirt all of an extra $10 not bad.  We started out with Circus of Terror. Let me say that even the ticket takers are dressed up and before you go in a ringmaster asks us if we want to go inside and gives us the rules. Once we set foot inside I was amazed that each one was so detailed so dark and twisted in it's own way. I don't want to give away anything. There are rooms where something happens and rooms where,fan thing halloween relat do univers studio halloween horror night knott s scari farm haunt far most outstand halloween attract outsid vega strip go vega have sunday night free decid freakl brother trilog terror halloween fun outsid look like sort carniv setup victim never come never imagin hous trailer hook real good best haunt ve realli not want away detail sure buy vip line pass plu tshirt extra not bad start circu terror let say ticket taker dress ringmast ask want insid give rule set foot insid amaz detail dark twist s way not want away room happen room figur let s say end wo not forget went castl vampyr igor took ticket vampir ladi told rule sure want insid dark twist favorit room figur effect stop moment realli thought use rope end stand awe just watch more scare final hous went gate hell sign waiver r rate no admit admit pretti freak thing but fine insid safe word similar knott s trap but unlik trap veri mean veri intens definit touch shove call name profan ran group girl not way definit use hand navig time dark end realli ca not imagin victim experi just normal intens want say safe word but manag entir experi wo not forget pictur arriv qualiti price not bad bought keepsak noth halloween compar traumat freakl brother trilog terror hope futur not gone live nearbi s definit worth,,
1797,slice:length_bucket=len>200,1,0,0.32797632,len>200,True,True,"4 stars only for the pizza....  First lets talk about the pizza. I had heard of this place from yelp and it was on my list of spots I had to try. Well there where 10 of us in our party and we decided pizza and beer would do for dinner. We made a trip down and found the pizza place. Everyone is right, it is down an unmarked hall to a little counter with an oven and pies sitting out if you buy a slice. Small menu board, but they do have PBR on tap ($5 for a red cup) We ordered 3 pizzas with a variety of toppings. OMG this was damn good pizza. The slices where massive, but with a very thin crust and a very thin but crunchy outside crust. All very good and we only ended up with 4 left over slices.  Price, I do not agree with the other reviews about value. Each pie for us was $23-24. While these are large pies they still seemed expensive. I know this is vegas and I know it is going to be more expensive, but this just seemed over the top for me.  There is virtually no room to sit and eat, a couple of chairs, a little bar, and another little bar to stand and eat. If you have more then a couple of people be prepared to stand and eat.  Now on to the service. This gets a 2 star. We walked in",star onli pizza let talk pizza heard place yelp list spot tri parti decid pizza beer dinner trip pizza place right unmark hall littl counter oven pie sit buy slice small menu board but pbr tap red cup order pizza varieti top omg damn good pizza slice massiv but veri crust veri but crunchi outsid crust veri good onli end left slice price not agre review valu pie larg pie expens know vega know go more expens but just virtual no room sit eat coupl chair littl bar littl bar stand eat more coupl peopl prepar stand eat servic get star walk review veri simpl menu want ask coupl question top noth list board girl help not help just kinda spew answer not sure have bad day doe not realli shit lean not give shit manag offer bring room soon told min hour no pizza get hand peopl no answer no pizza time manag show room brought pizza gave hand get pizza brought stack napkin plate kinda annoy ask tip bring never said sorri late call say hey got busi bit longer gladli hand tip overal slice pbr but realli not expect far servic,,
1480,slice:length_bucket=len>200,1,0,0.3366142,len>200,True,True,"We stayed at the Luxor for 5 days, 4 nights in December. While reading other reviews I was a tad worried that our rooms would be awful.  Other then that I had no major worries. Check-in process was insane. There were so many people trying to check-in and out that you could not tell which line went where. Also there were many Luxor employees \""""hanging\"""" around the registration area that did nothing to let guest know where to go. Once we found the line it was not that bad of a wait because they opened up more check-in stations.  We were in the Pyramid and were told how to get to our room which was pretty easy. My only complaint was that it was on the other side of the casino but that is nothing major. I was pleasantly surprised when I entered our room to see modern and updated furniture as well as a brand new TV. My only concern with where the room was that we would hear a lot of noise from the casino below but we heard nothing our entire stay.  As for the casino it is just like all the others I have ever been too. My biggest complaint of all the casino is Vegas are that they allow smoking which is disgusting and make it unbearable to gamble in the evenings. During the day and earl",stay luxor day night decemb read review tad worri room aw no major worri check process insan peopl tri check not tell line went luxor employe hang registr area did noth let guest know line not bad wait open more check station pyramid told room pretti easi onli complaint casino but noth major pleasantli surpris enter room modern updat furnitur brand new tv onli concern room hear lot nois casino but heard noth entir stay casino just like too biggest complaint casino vega allow smoke disgust make unbear gambl even day earli afternoon fine but earli even late night hit not stand near casino food lack opinion but offer array fast food casual dine plu starbuck not big deal went mandalay bay new york new york dinner entir trip connect walkway just wish few more option breakfast mcdonald starbuck pyramid cafe shop luxor just door mandalay citi center planet hollywood shop fix entertain luxor criss angel s believ carrot fantasi menopaus music saw criss angel not impress compar hotel strip luxor need think get more differ show did not tri bar loung luxor went most close monday tuesday check breez daili resort fee credit card just use express check locat bank elev main desk return key avoid long check line overal great hotel better deal peopl not hesit stay,,
275,slice:length_bucket=len>200,1,0,0.33694592,len>200,True,True,"On Las Vegas Boulevard without being caught up in the chaos of the strip. My friends and I stopped by this bar to grab a drink and a quick bite before we headed to a movie at the South Point. Knowing that the casino would be packed, we came here.  At first, I was  hesitant to come because my first experience was disappointing. This second time, it was better. We entered around 10pm and sat ourselves at one of the side booths. The wait staff were slow to acknowledge our presence, but after we made it clear we were there, they were more attentive.   The menu is extensive and that can backfire. Like I said, my first experience had me never wanting to come back. I didn't care for their chili. I was impressed with the extensive salad choices. On Thursday, they have a  BBQ chicken served over cold soba noodles with tons of veggies tossed in. The marinade for the chicken remind me of the Chinese style BBQ except it was more salty than sweet. The half portion was 8.95 and was enough to tide me over. I was trying to be healthy, but could not help stealing my friends fries. They were thick cut and fried to a golden brown. Absolutely perfect.  A bonus, they were playing so much 90's alternati",la vega boulevard caught chao strip friend stop bar grab drink quick bite head movi south point know casino pack came hesit come experi disappoint second time better enter pm sat booth wait staff slow acknowledg presenc but clear more attent menu extens backfir like said experi never want come did not care chili impress extens salad choic thursday bbq chicken serv cold soba noodl ton veggi toss marinad chicken remind chines style bbq more salti sweet half portion tide tri healthi but not help steal friend fri cut fri golden brown absolut perfect bonu play s altern noth like smash pumpkin bush remind childhood,,
