model,slice,value,n,macro_f1,error_rate
A1_baseline_meanpool,length_bucket,len101-200,557,0.6588936443910733,0.3213644524236984
A1_baseline_meanpool,length_bucket,len51-100,553,0.6958434823603363,0.3037974683544304
A1_baseline_meanpool,length_bucket,len<=50,484,0.6980476844883625,0.29545454545454547
A1_baseline_meanpool,length_bucket,len>200,406,0.6495680769258205,0.29802955665024633
A1_baseline_meanpool,has_negation,False,509,0.6065568701818032,0.29469548133595286
A1_baseline_meanpool,has_negation,True,1491,0.6526855124567658,0.3091884641180416
A1_baseline_meanpool,has_contrast,False,868,0.712913963810174,0.2857142857142857
A1_baseline_meanpool,has_contrast,True,1132,0.6552784635866926,0.3206713780918728
A2_cnn_k345,length_bucket,len101-200,557,0.7412858809078993,0.24236983842010773
A2_cnn_k345,length_bucket,len51-100,553,0.7757502027575021,0.22423146473779385
A2_cnn_k345,length_bucket,len<=50,484,0.7559054044844271,0.22933884297520662
A2_cnn_k345,length_bucket,len>200,406,0.64438672264339,0.2857142857142857
A2_cnn_k345,has_negation,False,509,0.6002313360370137,0.21611001964636542
A2_cnn_k345,has_negation,True,1491,0.7079333986287952,0.25217974513749164
A2_cnn_k345,has_contrast,False,868,0.7911708769312447,0.20622119815668202
A2_cnn_k345,has_contrast,True,1132,0.7078685120816399,0.2712014134275618
A3_bigru,length_bucket,len101-200,557,0.7192310836216997,0.26570915619389585
A3_bigru,length_bucket,len51-100,553,0.7273964139236513,0.27124773960216997
A3_bigru,length_bucket,len<=50,484,0.8083101576814773,0.18801652892561985
A3_bigru,length_bucket,len>200,406,0.6487129569543586,0.31527093596059114
A3_bigru,has_negation,False,509,0.714453284373725,0.21611001964636542
A3_bigru,has_negation,True,1491,0.6951727408217074,0.27297116029510393
A3_bigru,has_contrast,False,868,0.7820772875628155,0.21774193548387097
A3_bigru,has_contrast,True,1132,0.6946297685313121,0.28975265017667845
