epoch,G_total,G_adv_A2B,G_adv_B2A,cycle_A,cycle_B,identity_A,identity_B,D_A,D_B,grad_norm_G,grad_norm_D,lr,epoch_time_sec,train_images_per_sec
1,7.83636939300532,0.45116030933590234,0.44711153540894777,0.23123545005409163,0.24359751827632325,0.21703210551786517,0.22092146554029551,0.25007210504331506,0.24720890504752574,45.490502598191696,18.938794542282928,0.0002,197.67489840000053,61.09020466303155
2,6.397550998755976,0.41158442735380785,0.4102761426366157,0.18655193859662547,0.19454512205166152,0.1776092409070812,0.17533472375330367,0.20802048762008404,0.21128484329783134,35.350409210182335,16.445964792620547,0.0002,185.21539910000138,65.19976232364964
3,5.7834238516411745,0.4177686200249211,0.41471768859940455,0.16357018068339027,0.17507302031073993,0.15640396963398992,0.15649713603480442,0.20111244312096072,0.20367875180425293,32.39953396074738,14.812411148289886,0.0002,182.19599329999983,66.28027203713492
4,5.307582010848509,0.4209265287924816,0.41079562868146796,0.1440661599987309,0.16216352996090935,0.13803957121612695,0.14467301807801586,0.1985052206799383,0.20210899057563328,30.647923267373347,13.384434834581686,0.0002,184.91410669999823,65.30599647322697
5,5.037041808406657,0.42758964603682276,0.42171008608070437,0.13251284195487173,0.1537113757066752,0.12694282621471012,0.13815715125446962,0.18837905924800571,0.19637178069115693,29.1888015421071,12.147942849048995,0.0002,181.97847030000048,66.35949835215187
6,4.859136050487441,0.43607939503847587,0.44138871023814563,0.12347912884392301,0.14886767625236164,0.11820489472458796,0.13343508323175143,0.17716196396071296,0.19021866347859162,27.569312573268974,11.205965284323527,0.0002,183.05082600000242,65.97074847397761
7,4.751841644057773,0.43862360733017974,0.46358712948241765,0.11804386189083423,0.1457683317321308,0.11224842877795105,0.1300533633813652,0.16931992164668302,0.1856160038596611,26.863016785277008,10.683672583549376,0.0002,183.24561549999999,65.90062178049767
8,4.642917130158492,0.4435369445960543,0.47689303091772545,0.11251140067507472,0.14262385697712682,0.1074388491809763,0.1267880649633185,0.16468449346733513,0.1837707602225538,26.032712795829962,10.132586563371909,0.0002,184.28222050000113,65.52992452139422
9,4.562029530015676,0.45731609884764274,0.4991572524077571,0.1086265798146044,0.13891978044113446,0.1030310345551418,0.12298747815337352,0.1555473673169425,0.1782540700066145,25.320461655105333,9.797555224553525,0.0002,182.0163762000011,66.34567862581108
10,4.539633373031162,0.460408152220817,0.5272191768958202,0.10692899105573735,0.13732324643279592,0.1005554616268639,0.12134127069601518,0.14745240109784788,0.17778405772584407,25.050978860542372,9.605558843003001,0.0002,180.8707196999967,66.76591998986899
11,4.460145529787759,0.46412070236209213,0.5503683971076384,0.1035911368502908,0.13398679160753912,0.09634944160831965,0.11762598695547503,0.1413019557667661,0.17436220361898971,24.20860346913851,9.272862474426365,0.0002,183.56579179999972,65.78567761229257
12,4.443372332603579,0.4739593069935011,0.566457755087513,0.10187852381549359,0.13325456111794,0.09415624401636691,0.11616863842045444,0.13422468462579493,0.17220174023433013,23.84411323019194,9.108553612220362,0.0002,182.83788780000032,66.04757988240104
13,4.401074267334004,0.47324033242808583,0.5954106728336241,0.10015071448865376,0.1306843488209095,0.09148192716655687,0.11333259723712846,0.1260262321274815,0.17102896822564015,23.46963033963608,8.92424983123787,0.0002,183.968915999998,65.6415239191828
14,4.383740593558631,0.4798945499008442,0.6151927397736021,0.09919547366361502,0.12935730276932264,0.08938215016756045,0.11124295675550205,0.12066984497647425,0.16754083974955097,23.295826284883038,8.802184274157929,0.0002,180.7970486999984,66.79312569995567
15,4.347561619541589,0.4865299319381369,0.6355596051858964,0.09811638471734922,0.12637297454240426,0.08753784080093055,0.1085778558938343,0.11359572985603462,0.16709462871868194,22.7913375840593,8.667225135798168,0.0002,183.18933359999937,65.92086865913487
16,4.329559794164091,0.48372452904270674,0.6520730480206214,0.0969456449896344,0.1256561400865474,0.08584608546167899,0.10770278632068286,0.10825028240929953,0.16699603625794404,22.671004099180937,8.482582008968958,0.0002,184.55210850000003,65.43409391608223
17,4.306337120912848,0.48912170537509597,0.6685349250341259,0.09592329912842722,0.12391923850944557,0.08422931913643059,0.10582170283539716,0.10443745756292924,0.1655396120860289,22.4835952643173,8.437281188999592,0.0002,183.71789219999846,65.73121352194624
18,4.287642903184212,0.4853405018798876,0.6905174036962223,0.09504013545453331,0.12272584566901401,0.08259589456665907,0.10422914304177308,0.09855213847212461,0.166576613938919,22.559037856133262,8.340559364668223,0.0002,182.66345359999832,66.11065192298604
19,4.271300041426803,0.4815061560413347,0.7003823986148037,0.09496036910307885,0.12185301997678175,0.08102262933109525,0.10323288880286133,0.09392825371927281,0.1664787083531046,22.718116243614507,8.237536722794792,0.0002,181.96356099999684,66.36493555981909
20,4.2588000819555925,0.48531564580151365,0.7156805439835828,0.09361312949413612,0.12096091195985394,0.08000276150979638,0.10240993361997858,0.09051499093699807,0.16553435722164225,22.571577017810338,8.239812602346092,0.0002,183.54944289999912,65.79153719676071
21,4.197462195471921,0.4794767146455645,0.7256935999838869,0.09274478621704367,0.1175947908081334,0.07816234383141019,0.09961687735213709,0.08689876785856598,0.1667421851251626,22.205405413452937,8.078468122242223,0.0002,184.47002969999812,65.46320841189805
22,4.20558611057025,0.4781533935967661,0.7384538296122707,0.09255684448857109,0.11800185202165288,0.07747096187919723,0.09920742098796087,0.08340768650317279,0.16836590154152628,22.103951239672746,7.969873568126404,0.0002,180.976372000001,66.7269426751462
23,4.171488760480347,0.48084017870446116,0.7393038428952142,0.09231015145482509,0.11603379045477684,0.07668948189440884,0.0968915801415107,0.08105866949105744,0.16736109613009975,21.74187767620156,7.930331247221678,0.0002,183.49097940000138,65.81249955440539
24,4.144408904704561,0.47881703902530764,0.7527874298159276,0.091370646280686,0.11412901592722552,0.07576397542217662,0.09579758669375267,0.07911838841837106,0.16791865127312303,21.58957613995234,7.8395613530251556,0.0002,183.50532020000173,65.80735635805226
25,4.129430736599872,0.48015992397966273,0.7585721922536763,0.09062642315368694,0.11341326403283213,0.07479664636575335,0.0952637015887249,0.07675036663974938,0.1666568691758041,21.58310893009182,7.771764577244559,0.0002,183.61347810000007,65.76859239833765
26,4.1095349296665855,0.47788301830399943,0.7727200189452963,0.09019365260743392,0.11201369441347274,0.07373536235130596,0.09363632237538079,0.07327448265178486,0.16668361924717012,21.548245822644937,7.682122911669317,0.00019230769230769233,183.1136742000017,65.94810602080032
27,4.0916422150236915,0.47677884388834724,0.7833990500083069,0.08947326602002728,0.11090250988128407,0.07230982998816056,0.09323148235046891,0.06895514677391912,0.1658162886400853,21.582399909091176,7.486136561002349,0.00018461538461538463,184.57958000000144,65.42435517514942
28,4.055241960924799,0.47648090963955547,0.7962453976081041,0.08789696227160658,0.10932030171308939,0.07061055296696982,0.09145804800021605,0.06529784168950589,0.16554725600289918,21.296781212970018,7.294169695419205,0.00017692307692307693,182.09479959999953,66.3171053018915
29,4.002239293710962,0.47675877693533386,0.8030588261612838,0.08665719133273937,0.10632035436319097,0.06947528604330429,0.08905395955518604,0.06256360064731721,0.1645789853932349,21.456817405197786,7.293916513367811,0.00016923076923076923,183.2818995000016,65.8875755486149
30,3.9854712841644235,0.4806525009422359,0.8129635926369366,0.08621203758960214,0.10501891810665387,0.06838697666051215,0.08752214930440741,0.05844762202003078,0.16118867429292294,21.425558189715563,7.086652243283459,0.00016153846153846155,181.963103099999,66.36510256347715
31,3.961411644741967,0.4767437854367757,0.8266371449726471,0.08543576096789494,0.10353093703146919,0.06691249399271655,0.0867602523624818,0.055973273557285354,0.16380925711248046,21.536897526311733,7.035851007030673,0.00015384615384615385,182.7792359999985,66.06877380754617
32,3.9050923189843636,0.4720063763070616,0.8282481938126703,0.0847181541281905,0.10069394823498148,0.06588380437303593,0.08425954003880338,0.05406030707749834,0.1635702862649534,21.449718307603785,6.8911304953241235,0.00014615384615384618,184.6256813,65.40801861891356
33,3.8916593074166803,0.47177499352049534,0.8415791489462775,0.08405931133674485,0.09983564511005671,0.06478480974217841,0.08308630965035575,0.050911474629308694,0.16417781014825855,21.88509330357807,6.779704527572197,0.00013846153846153847,181.58942930000194,66.50166833251825
34,3.8444676726177933,0.47228688450543127,0.848949318099551,0.08289202872284915,0.09713596435163187,0.06346921500715644,0.08112109232966613,0.04771921934535879,0.1640857102577064,21.943661615839854,6.727812613268963,0.00013076923076923077,182.94614880000154,66.00849528241011
35,3.8103001530733516,0.4591638871689789,0.854129883124758,0.08212051178449312,0.0962374565586739,0.06253553018511901,0.08014980865856519,0.04585229745119287,0.16699554422471097,22.315365476377675,6.559279677488031,0.0001230769230769231,182.67477660000077,66.10655408897841
36,3.7794783497614826,0.4611449376804894,0.8629967753027954,0.08094925648104319,0.09456478654918744,0.06111734017788989,0.07892190037914047,0.04334678519924386,0.16724505153080216,22.4330682741881,6.513336043912237,0.00011538461538461538,187.51292199999807,64.40089499538664
37,3.743342058277162,0.4540577604354869,0.8732950569344262,0.07984620838143171,0.09292873298442691,0.059978585573034836,0.07766937935226956,0.04098892531074823,0.16944580126841283,23.212705646298822,6.472751170130272,0.0001076923076923077,182.44226839999828,66.1908016486826
38,3.7013380373499576,0.45348220770921327,0.8817182662629971,0.07883883084029542,0.09056396868651219,0.05888712685771161,0.07553478543600052,0.038939046627820606,0.16961617887874003,23.444024861826332,6.380292582330265,0.0001,183.50308030000087,65.80815962466404
39,3.6768823481822257,0.45199430279085756,0.8877813583002377,0.07838183299259817,0.08903063365306708,0.05790136315967516,0.07469504038208208,0.03697556160876553,0.1683955999987731,24.21358982400809,6.314775111936662,9.230769230769232e-05,181.3165162999976,66.60176494908842
40,3.670069230159571,0.45895279344737666,0.8928124297233795,0.07838554726373718,0.08809653763252404,0.05714700636572694,0.07354962448433718,0.035520741434378535,0.1664693576511108,25.217176617119794,6.401401668007147,8.461538461538463e-05,182.23772080000344,66.26509565082188
41,3.6379492597178773,0.4506092515112983,0.8993209147046599,0.0778991272213365,0.08683359505236643,0.056156018306508924,0.07198235653427193,0.033270065410790084,0.1689699926827277,26.018300075410966,6.366882460762547,7.692307692307693e-05,186.37852679999924,64.7928718363496
42,3.5966790280779612,0.44948031678277556,0.9023923980415796,0.07709067789686559,0.08448299809021838,0.05532003090071852,0.07049387961233657,0.03210622300839643,0.17078157883284303,26.33508045478308,6.441600575436026,6.923076923076924e-05,181.6265738000002,66.48806805824351
43,3.5730612862382594,0.4405894031332952,0.9127154505955695,0.07632739542088551,0.08349945849290784,0.05438428694698818,0.06991329107528571,0.029937960171369318,0.1737854290777048,26.70280917206518,6.535391152872475,6.153846153846155e-05,181.2462357000004,66.62759065511435
44,3.544471935864196,0.4361168538183517,0.9148546692925441,0.07542214354573594,0.08243330741198145,0.05366384659521467,0.06932533380605402,0.028867153112744803,0.17571795161328554,27.226921377848537,6.639243450414349,5.384615384615386e-05,183.79933420000089,65.70208783705127
45,3.5221815927410094,0.43733055161083323,0.9201734863041489,0.0745724489164001,0.08121667951148012,0.05301509104217469,0.06834216284343209,0.027420092501491557,0.17501767072857471,27.692088411122057,6.695039563243774,4.6153846153846145e-05,184.7260181999991,65.37249120438227
46,3.4900537179218456,0.43458912353043366,0.924890634337574,0.07402698995262315,0.07949335712096714,0.05222092822820945,0.06685316875088329,0.02570692364727377,0.17625094905776983,28.073763712781595,6.677823862361371,3.846153846153846e-05,181.68750779999755,66.46576942039029
47,3.4650636291851384,0.4333787245806103,0.9285978210825286,0.07338231899345225,0.0783038772247749,0.0514918383915482,0.0657531846951386,0.02444696850468827,0.17640630013157335,28.569218291238112,6.76431159390326,3.0769230769230774e-05,183.46473060000062,65.82191552843322
48,3.4449361236966496,0.43155139917646584,0.9343748461552589,0.07288587878514655,0.076675235224396,0.05107083752980865,0.06560890882178208,0.023339805752841024,0.17625704088099314,28.935563277313747,6.901586964968302,2.3076923076923086e-05,181.22359849999702,66.63591331346507
49,3.4214754728498584,0.43282661037892844,0.9338737513577555,0.07232508820960679,0.07554437995756569,0.05067107999841083,0.0645450046140998,0.022567275539534144,0.17575644232818882,28.644502437916287,6.743460164633994,1.5384615384615374e-05,184.22459929999968,65.55042076837358
50,3.4056212294769033,0.4292306317699473,0.9389097188315908,0.0718147254389479,0.0748523865456552,0.050156715096188284,0.06400523607259102,0.02120847117838164,0.17652950461296185,28.310995044436584,6.711700911157058,7.692307692307687e-06,181.0667347999988,66.69364206152393
